DATE,TMAX_AV_ALL,TMIN_AV_ALL,ERCOT
1/1/18,36,25.55555556,1289189.713
1/2/18,33.77777778,25.77777778,1359822.304
1/3/18,52.66666667,22.44444444,1256371.307
1/4/18,55.55555556,27.33333333,1131588.839
1/5/18,62.44444444,38,998103.9444
1/6/18,66.55555556,37.88888889,911400.6463
1/7/18,70.11111111,51.88888889,834011.6513
1/8/18,68.66666667,43.22222222,875504.9644
1/9/18,66.66666667,39.11111111,942220.1567
1/10/18,71.22222222,46.44444444,907744.4517
1/11/18,70.88888889,43,930455.1563
1/12/18,56.66666667,32.66666667,1125571.847
1/13/18,54.11111111,31.55555556,1075786.242
1/14/18,60.33333333,30.55555556,1009357.428
1/15/18,68.22222222,39.11111111,991275.8106
1/16/18,46.22222222,24.88888889,1346157.063
1/17/18,37.33333333,21.22222222,1377085.393
1/18/18,44,26.88888889,1272107.864
1/19/18,56.44444444,37.11111111,1074530.685
1/20/18,70.88888889,48.11111111,842116.3886
1/21/18,72.11111111,54.22222222,777451.6444
1/22/18,67.625,42.66666667,863452.6786
1/23/18,69,34.66666667,948995.2526
1/24/18,63.55555556,34.66666667,961460.8644
1/25/18,63.77777778,36.55555556,965017.7729
1/26/18,68.22222222,51.88888889,873665.7201
1/27/18,68.55555556,55.33333333,783830.4729
1/28/18,69.77777778,44.77777778,804473.7731
1/29/18,66.11111111,39.11111111,906964.1059
1/30/18,66.44444444,37.11111111,951321.519
1/31/18,73.22222222,42.22222222,882968.7711
2/1/18,74.55555556,50,841403.2972
2/2/18,61.11111111,44.88888889,905740.3416
2/3/18,63.77777778,46.66666667,880357.0278
2/4/18,75.44444444,45.77777778,808495.1402
2/5/18,61.33333333,44.44444444,957610.0618
2/6/18,62.22222222,49.22222222,977484.0537
2/7/18,59.22222222,38.33333333,1069414.354
2/8/18,59.55555556,35.88888889,1017723.829
2/9/18,67.11111111,49,878607.3599
2/10/18,66.33333333,46.11111111,896636.3237
2/11/18,53.11111111,34.44444444,1093802.879
2/12/18,49.55555556,34.11111111,1130477.649
2/13/18,53.66666667,42.33333333,1037679.956
2/14/18,75.77777778,50.11111111,899335.245
2/15/18,80.44444444,63.66666667,843336.848
2/16/18,76.66666667,58.44444444,845308.617
2/17/18,73.33333333,54.33333333,829042.0882
2/18/18,77.55555556,55.33333333,823468.4775
2/19/18,81.33333333,66.33333333,860864.3914
2/20/18,77.22222222,60.44444444,877722.5436
2/21/18,65.33333333,46.66666667,1026103.467
2/22/18,56.88888889,43.22222222,1044573.613
2/23/18,69.22222222,50,950885.8043
2/24/18,77.77777778,59.11111111,857064.5425
2/25/18,73,52.11111111,808981.7797
2/26/18,73.88888889,50.33333333,842840.6063
2/27/18,78.77777778,58.88888889,865295.9475
2/28/18,81,66.22222222,880910.0073
3/1/18,74.88888889,55.66666667,850512.3989
3/2/18,75.55555556,50.77777778,841182.767
3/3/18,75.88888889,54.66666667,790057.6671
3/4/18,80.55555556,64.66666667,799201.8305
3/5/18,81,60.11111111,865975.5159
3/6/18,72.55555556,48.55555556,830996.138
3/7/18,67.66666667,46.22222222,849322.7239
3/8/18,70.77777778,47.55555556,852103.716
3/9/18,75,53.44444444,826822.2382
3/10/18,86.55555556,62.55555556,841155.9905
3/11/18,77.44444444,57.11111111,761614.063
3/12/18,66.11111111,48.33333333,822841.0784
3/13/18,69.55555556,45.88888889,830279.1638
3/14/18,71.88888889,45.77777778,840066.2322
3/15/18,76.33333333,53.11111111,833491.8986
3/16/18,85.22222222,60.66666667,872442.2942
3/17/18,85.33333333,62.33333333,843901.7762
3/18/18,84.33333333,65.66666667,850612.8573
3/19/18,83.22222222,59.33333333,881059.2587
3/20/18,74,49.66666667,826949.5498
3/21/18,77.55555556,46.11111111,836574.4287
3/22/18,81.33333333,53,844996.2604
3/23/18,82.44444444,61.44444444,858694.5775
3/24/18,85.11111111,66.11111111,868543.1345
3/25/18,83.66666667,66.44444444,859492.7506
3/26/18,86,68.33333333,943243.941
3/27/18,80.33333333,63.44444444,905299.2706
3/28/18,74.11111111,63,855072.216
3/29/18,79.22222222,57.33333333,851387.0692
3/30/18,77.22222222,55.55555556,813146.1013
3/31/18,82.22222222,58,812598.1666
4/1/18,82.66666667,59.22222222,807290.9217
4/2/18,82.55555556,60.88888889,914616.2404
4/3/18,84.44444444,62.22222222,920543.2376
4/4/18,72.22222222,51.77777778,821448.6511
4/5/18,79.22222222,55.33333333,845274.4975
4/6/18,85.44444444,63.77777778,914636.3533
4/7/18,68.33333333,44.11111111,859931.6119
4/8/18,69.11111111,43.22222222,834027.1852
4/9/18,70.44444444,54.11111111,828534.8972
4/10/18,76.77777778,51.88888889,827122.258
4/11/18,82.44444444,51.33333333,851731.4166
4/12/18,86.88888889,63,911993.8462
4/13/18,87.11111111,64.66666667,959230.5003
4/14/18,73.11111111,50.66666667,780106.8432
4/15/18,74.88888889,44.77777778,788774.1478
4/16/18,83,47.77777778,859218.3371
4/17/18,86.33333333,60.55555556,894825.439
4/18/18,82.22222222,62,899376.2542
4/19/18,78.33333333,58,842331.2797
4/20/18,72.55555556,55.55555556,810749.7966
4/21/18,76.55555556,61.66666667,796941.5322
4/22/18,77,56.11111111,782451.5949
4/23/18,83.22222222,54.66666667,851537.352
4/24/18,87.44444444,57.22222222,915222.1542
4/25/18,80.55555556,56.88888889,886071.4843
4/26/18,78.11111111,52.22222222,850687.7491
4/27/18,80.11111111,56.55555556,859460.8911
4/28/18,83.11111111,56.66666667,855417.2476
4/29/18,82.11111111,58.33333333,860833.9384
4/30/18,82,63.66666667,906941.6171
5/1/18,84.77777778,71.11111111,949213.7711
5/2/18,89.33333333,73.66666667,1033059.733
5/3/18,87.11111111,71.77777778,1019237.031
5/4/18,80.33333333,67,918901.8203
5/5/18,85.33333333,62.77777778,883009.4092
5/6/18,89.44444444,61,914225.3624
5/7/18,91.22222222,62.55555556,1022173.856
5/8/18,90.66666667,65.33333333,1031708.004
5/9/18,89.77777778,66.11111111,1026425.815
5/10/18,89.88888889,66.66666667,1031335.02
5/11/18,91.33333333,70.77777778,1066358.312
5/12/18,92.33333333,72.66666667,1066312.78
5/13/18,92.33333333,74,1071848.314
5/14/18,91.22222222,74.11111111,1135663.755
5/15/18,92.55555556,71,1115737.975
5/16/18,95.44444444,68.88888889,1129050.353
5/17/18,96,69,1167855.713
5/18/18,95.66666667,71.33333333,1179674.874
5/19/18,92.88888889,74.11111111,1117384.921
5/20/18,87.33333333,69.77777778,992536.1724
5/21/18,88.88888889,68.22222222,1030927.215
5/22/18,90.11111111,70.55555556,1094903.978
5/23/18,90.66666667,71.66666667,1110895.225
5/24/18,92.11111111,71.66666667,1146451.673
5/25/18,94.88888889,73.66666667,1155062.405
5/26/18,97.66666667,72.44444444,1153563.027
5/27/18,97.77777778,74,1158807.614
5/28/18,96.44444444,73.66666667,1195390.317
5/29/18,97.33333333,73.11111111,1256668.199
5/30/18,97.44444444,75.33333333,1265811.453
5/31/18,98.11111111,76.11111111,1278915.287
6/1/18,99.11111111,77.66666667,1293044.461
6/2/18,99.11111111,77.22222222,1280931.411
6/3/18,97.33333333,75.88888889,1208287.979
6/4/18,93.44444444,73.33333333,1142935.209
6/5/18,99.22222222,75.11111111,1249051.972
6/6/18,99.33333333,77.33333333,1294340.612
6/7/18,97.55555556,76.22222222,1260019.281
6/8/18,96.77777778,75,1228847.566
6/9/18,96.55555556,76.66666667,1184191.782
6/10/18,97.55555556,77.66666667,1211151.606
6/11/18,98.44444444,78.55555556,1290860.979
6/12/18,98.22222222,79.11111111,1300436.689
6/13/18,97.55555556,77.33333333,1294771.766
6/14/18,96.22222222,75.33333333,1265826.406
6/15/18,96.44444444,75.88888889,1263024.64
6/16/18,96,76.44444444,1225117.197
6/17/18,93.44444444,74.22222222,1155159.231
6/18/18,92.11111111,75.66666667,1176705.012
6/19/18,88.22222222,74.55555556,1098200.389
6/20/18,88.33333333,75,1118842.301
6/21/18,91.33333333,75.66666667,1191596.434
6/22/18,97.88888889,77.11111111,1291574.123
6/23/18,98.22222222,77.88888889,1252313.265
6/24/18,98.44444444,79.11111111,1255260.133
6/25/18,95,78.66666667,1273302.007
6/26/18,96.66666667,78.66666667,1307468.319
6/27/18,98.44444444,77.66666667,1331300.256
6/28/18,97.66666667,77.55555556,1328569.399
6/29/18,98,77.77777778,1322017.744
6/30/18,97.77777778,78.11111111,1276184.134
7/1/18,100.2222222,77.11111111,1259444.331
7/2/18,98.88888889,76.33333333,1323665.111
7/3/18,99.66666667,75.88888889,1326941.121
7/4/18,94.55555556,75.22222222,1140557.384
7/5/18,93.77777778,74.55555556,1191820.057
7/6/18,94.55555556,74.88888889,1202349.823
7/7/18,93.22222222,74.22222222,1133565.535
7/8/18,91.55555556,73.88888889,1096714.115
7/9/18,91.55555556,75.22222222,1125186.93
7/10/18,94,74.77777778,1178994.334
7/11/18,95.88888889,75.11111111,1244845.3
7/12/18,96.88888889,75.77777778,1241335.813
7/13/18,97.22222222,76.77777778,1247115.483
7/14/18,97.77777778,77.22222222,1260677.194
7/15/18,97.88888889,78.66666667,1264957.36
7/16/18,99,77.55555556,1335165.458
7/17/18,100,76.88888889,1338496.187
7/18/18,101.6666667,78.11111111,1369346.659
7/19/18,102.4444444,79,1405994.976
7/20/18,102.5555556,78.55555556,1396121.858
7/21/18,102.2222222,77.55555556,1346186.611
7/22/18,103.3333333,77.88888889,1347934.434
7/23/18,105.1111111,77.88888889,1403367.182
7/24/18,99.66666667,79.66666667,1360139.917
7/25/18,99.44444444,76.77777778,1332564.648
7/26/18,99.77777778,76.22222222,1321864.308
7/27/18,99,76.22222222,1297982.587
7/28/18,99.77777778,77.55555556,1293289.828
7/29/18,101,78.44444444,1313564.891
7/30/18,98,77.66666667,1300716.928
7/31/18,95.22222222,75.33333333,1211610.928
8/1/18,97.33333333,72,1207977.994
8/2/18,98,72.33333333,1229959.628
8/3/18,97.88888889,73.44444444,1253937.426
8/4/18,97.11111111,74,1205894.274
8/5/18,95.11111111,76,1216610.227
8/6/18,96.66666667,75.88888889,1296530.139
8/7/18,97.77777778,77,1310217.802
8/8/18,98.22222222,78.11111111,1288866.749
8/9/18,97.11111111,75,1261586.886
8/10/18,94,76.11111111,1190315.876
8/11/18,91.88888889,75.77777778,1074362.944
8/12/18,90.77777778,75.11111111,1069590.526
8/13/18,95.33333333,76.44444444,1181291.803
8/14/18,96,76.55555556,1216047.304
8/15/18,97.66666667,77.77777778,1295687.672
8/16/18,98.77777778,78.77777778,1326197.348
8/17/18,99.55555556,77.55555556,1329535.914
8/18/18,100.2222222,77.88888889,1291002.165
8/19/18,98.88888889,77.77777778,1252191.849
8/20/18,98.22222222,78.55555556,1304679.623
8/21/18,99.33333333,77.11111111,1300424.049
8/22/18,99.77777778,76.66666667,1306655.917
8/23/18,99.66666667,76.11111111,1328875.876
8/24/18,99.66666667,77.88888889,1334705.11
8/25/18,98.77777778,78.22222222,1293521.245
8/26/18,98.77777778,78.44444444,1276868.494
8/27/18,99.22222222,77.66666667,1332841.052
8/28/18,99.22222222,79,1337871.545
8/29/18,97.22222222,77.44444444,1294596.8
8/30/18,96.77777778,75.44444444,1287502.815
8/31/18,97.22222222,75.33333333,1296607.203
9/1/18,97.33333333,75.22222222,1231273.258
9/2/18,93.66666667,75.88888889,1155703.953
9/3/18,91.22222222,74.22222222,1076056.979
9/4/18,91.77777778,75.77777778,1154065.486
9/5/18,93.33333333,76.44444444,1176109.256
9/6/18,90.77777778,75.77777778,1153515.79
9/7/18,90.66666667,74.55555556,1154263.953
9/8/18,89.11111111,75.11111111,1068762.586
9/9/18,84,73,978962.3369
9/10/18,80.77777778,71.22222222,982433.0589
9/11/18,84.11111111,71.55555556,1003459.585
9/12/18,88.22222222,73,1079242.469
9/13/18,89.33333333,73.77777778,1108504.839
9/14/18,85.77777778,73.55555556,1059624.859
9/15/18,87.33333333,74.33333333,1066252.237
9/16/18,89.66666667,73.77777778,1095048.108
9/17/18,91.88888889,74.11111111,1193501.221
9/18/18,93.11111111,75.33333333,1232282.9
9/19/18,92.33333333,74.88888889,1236445.976
9/20/18,90.77777778,76,1169565.309
9/21/18,90.55555556,76.22222222,1131442.976
9/22/18,83.44444444,71.22222222,986052.1801
9/23/18,82.77777778,67.88888889,920627.7867
9/24/18,87.66666667,70.55555556,1050549.701
9/25/18,92.11111111,74,1131268.819
9/26/18,87.22222222,69.44444444,1040850.153
9/27/18,81.11111111,66.33333333,945655.6036
9/28/18,84.22222222,66.44444444,967838.68
9/29/18,82.44444444,71,939494.0233
9/30/18,85.44444444,71.66666667,981745.2812
10/1/18,86.77777778,71.22222222,1059929.717
10/2/18,89.11111111,72.88888889,1098870.535
10/3/18,91,75.11111111,1158274.882
10/4/18,91.11111111,74.33333333,1165294.3
10/5/18,91.33333333,74.22222222,1164226.727
10/6/18,89.22222222,74.44444444,1108037.392
10/7/18,88.77777778,74.11111111,1075422.54
10/8/18,86.55555556,73.11111111,1083656.992
10/9/18,84.44444444,69.11111111,1021100.879
10/10/18,82.33333333,65.11111111,962841.4602
10/11/18,79.44444444,63.77777778,893574.2568
10/12/18,84.11111111,66.88888889,928682.1988
10/13/18,85,70.88888889,952952.3126
10/14/18,88.44444444,67.33333333,986776.9863
10/15/18,71.55555556,48.33333333,914783.5313
10/16/18,55.66666667,49.55555556,896273.4131
10/17/18,59.66666667,52.44444444,864771.225
10/18/18,63.88888889,54.44444444,843089.4311
10/19/18,70.66666667,59.77777778,843819.9169
10/20/18,73.55555556,61.66666667,797761.1674
10/21/18,71.66666667,56.88888889,772976.8416
10/22/18,67.55555556,54.22222222,812719.9245
10/23/18,66.22222222,54.77777778,816090.1268
10/24/18,64.66666667,57.11111111,830871.1702
10/25/18,70.88888889,56.33333333,824132.3177
10/26/18,77.22222222,54.44444444,828963.3775
10/27/18,83,55.22222222,818282.3748
10/28/18,84.22222222,58.55555556,840876.633
10/29/18,85,61.44444444,916628.3927
10/30/18,84.77777778,68.11111111,943719.417
10/31/18,78.66666667,60.55555556,898223.9569
11/1/18,69.55555556,51.44444444,826332.3953
11/2/18,74.66666667,47.44444444,826180.6112
11/3/18,79,53.11111111,797562.994
11/4/18,72.66666667,57.22222222,822871.9445
11/5/18,83.11111111,59.33333333,896870.8353
11/6/18,82.88888889,63.22222222,937545.184
11/7/18,80.66666667,66.22222222,955565.7536
11/8/18,70,61.33333333,881065.8747
11/9/18,64.88888889,48.55555556,867302.2051
11/10/18,54.66666667,45.11111111,880284.6426
11/11/18,58.88888889,47.55555556,853412.304
11/12/18,55.22222222,40.22222222,993368.0813
11/13/18,48,33,1153965.29
11/14/18,56.11111111,28.33333333,1123844.334
11/15/18,65.66666667,33,1011364.335
11/16/18,70.33333333,38.55555556,908740.6779
11/17/18,72.88888889,46,835099.6852
11/18/18,65.22222222,47.77777778,867876.7158
11/19/18,56.33333333,44,963321.518
11/20/18,61.33333333,42,940638.8634
11/21/18,58.55555556,42.11111111,944274.1942
11/22/18,62.55555556,47.44444444,833197.9749
11/23/18,76.11111111,52.33333333,797318.2337
11/24/18,75.66666667,48.11111111,799927.3334
11/25/18,72.44444444,48.88888889,821032.0867
11/26/18,59.33333333,38.11111111,975627.7002
11/27/18,65.11111111,36.11111111,976716.6855
11/28/18,71.66666667,46.88888889,901688.7425
11/29/18,77,54.22222222,857098.4573
11/30/18,78.55555556,64.22222222,865290.2349
12/1/18,77.22222222,52.88888889,815390.3353
12/2/18,73.11111111,46.88888889,807223.6044
12/3/18,64.44444444,47.22222222,885654.8381
12/4/18,60.11111111,41.33333333,965236.0994
12/5/18,58.55555556,41.66666667,982210.4266
12/6/18,64.22222222,52.22222222,933735.2946
12/7/18,63.875,51.875,958325.9189
12/8/18,51.66666667,43,1008698.611
12/9/18,54.88888889,38.88888889,1007449.192
12/10/18,59.55555556,36,1033840.188
12/11/18,63.11111111,36.22222222,1020683.536
12/12/18,68.22222222,51.88888889,916193.3045
12/13/18,71,47.66666667,898695.8102
12/14/18,56.77777778,43.77777778,1032227.106
12/15/18,66.77777778,38.66666667,940054.5729
12/16/18,66.55555556,36.77777778,923981.2974
12/17/18,66.11111111,43.11111111,930195.756
12/18/18,65.55555556,41.77777778,936363.6641
12/19/18,67.44444444,49.88888889,887900.934
12/20/18,65.11111111,47.55555556,921091.3153
12/21/18,66.44444444,38,944284.6991
12/22/18,76,44.44444444,866705.773
12/23/18,66.22222222,44.22222222,846470.3052
12/24/18,67,42.33333333,881797.1926
12/25/18,72.22222222,55.77777778,778476.9278
12/26/18,71.88888889,60.11111111,830283.1766
12/27/18,69.66666667,49.22222222,850398.185
12/28/18,57.88888889,43.22222222,947903.8557
12/29/18,50.11111111,42,1003905.374
12/30/18,46.33333333,41.22222222,1012577.972
12/31/18,60.44444444,41.33333333,943795.7048
1/1/19,55,38.88888889,986649.7526
1/2/19,46.77777778,40,1136655.324
1/3/19,54.55555556,36.22222222,1100872.753
1/4/19,66.11111111,34.44444444,1013727.132
1/5/19,72.22222222,35.33333333,903815.9463
1/6/19,73.11111111,45.88888889,837425.6047
1/7/19,74.77777778,56.33333333,835476.5966
1/8/19,73,52.66666667,854810.5135
1/9/19,62.33333333,48.33333333,887344.7776
1/10/19,62.77777778,45.88888889,933598.567
1/11/19,64.33333333,49.22222222,918205.7258
1/12/19,65.77777778,46.11111111,882997.2168
1/13/19,55.22222222,40.88888889,968302.5554
1/14/19,51.44444444,39.55555556,1048428.488
1/15/19,53.33333333,44.66666667,1016539.19
1/16/19,62.11111111,48,934076.0255
1/17/19,67.55555556,49.77777778,868965.0574
1/18/19,70.33333333,50.66666667,885312.6883
1/19/19,65.66666667,40,964352.7825
1/20/19,56.44444444,32.11111111,1030244.31
1/21/19,67.44444444,37.11111111,998893.062
1/22/19,70.55555556,49.11111111,900192.3143
1/23/19,60,33.44444444,1078724.21
1/24/19,62.11111111,32.11111111,1048789.786
1/25/19,61.22222222,37.11111111,999767.3726
1/26/19,62,42.77777778,909271.3951
1/27/19,65.22222222,42.22222222,878022.223
1/28/19,69.88888889,42.33333333,928045.2875
1/29/19,52.33333333,35.55555556,1044673.009
1/30/19,54.66666667,39,1051062.768
1/31/19,61.55555556,47,971424.9654
2/1/19,66.77777778,54.11111111,866342.2496
2/2/19,68.44444444,57,817028.9715
2/3/19,74.33333333,59.44444444,801071.421
2/4/19,77.66666667,61.55555556,854635.6222
2/5/19,77.625,63.77777778,865558.1009
2/6/19,78.66666667,66.44444444,883111.7307
2/7/19,73.11111111,44.11111111,920804.2213
2/8/19,45.22222222,35.11111111,1187674.997
2/9/19,42.66666667,35.88888889,1150380.262
2/10/19,55.44444444,40.88888889,1021066.779
2/11/19,67.11111111,51.33333333,933900.3444
2/12/19,64.77777778,42.33333333,906672.4389
2/13/19,66.44444444,36.22222222,971343.9758
2/14/19,76.33333333,51.66666667,876549.8697
2/15/19,82.77777778,51.66666667,860573.9744
2/16/19,68,51,914899.3982
2/17/19,67,47.88888889,868507.8258
2/18/19,58.44444444,43.11111111,1001199.07
2/19/19,50.44444444,43.22222222,1076133.504
2/20/19,63.22222222,39.77777778,981292.9436
2/21/19,61,47.11111111,968985.6499
2/22/19,66.77777778,50.33333333,934485.9396
2/23/19,75.22222222,50.88888889,846293.2571
2/24/19,66.33333333,42.33333333,855696.3644
2/25/19,68.125,46.125,920998.4595
2/26/19,69.66666667,55.44444444,875421.9606
2/27/19,76.33333333,53,887841.9193
2/28/19,61.77777778,44.33333333,1037483.547
3/1/19,63.11111111,46,994748.5282
3/2/19,64.33333333,52.11111111,932345.9022
3/3/19,57.22222222,39.33333333,1019463.435
3/4/19,41.88888889,30.88888889,1291330.949
3/5/19,52.88888889,28.77777778,1221339.855
3/6/19,58.77777778,32.44444444,1090387.564
3/7/19,73.44444444,51.44444444,912040.1053
3/8/19,81.55555556,63.22222222,869876.7245
3/9/19,82.11111111,60,854594.3983
3/10/19,75.11111111,58.77777778,803668.9554
3/11/19,71.77777778,59.77777778,888207.1446
3/12/19,76.22222222,62.11111111,875727.6727
3/13/19,79.44444444,61.11111111,865711.7217
3/14/19,74.66666667,57,846751.6404
3/15/19,62.33333333,48.22222222,859070.9995
3/16/19,60.55555556,44.77777778,851608.7321
3/17/19,64.77777778,44.55555556,827311.235
3/18/19,67.88888889,44.66666667,867057.2731
3/19/19,69.77777778,49.33333333,848168.6433
3/20/19,70.66666667,51.11111111,841541.0314
3/21/19,75.55555556,50.33333333,847292.3832
3/22/19,76.88888889,52,837292.9695
3/23/19,75.22222222,59.66666667,788901.9612
3/24/19,81.44444444,62.88888889,821187.7724
3/25/19,80.88888889,60.44444444,877310.5713
3/26/19,77,55.44444444,839033.074
3/27/19,76.44444444,54.55555556,844042.9591
3/28/19,79.66666667,57.88888889,843547.826
3/29/19,80.44444444,61.88888889,855796.9582
3/30/19,74.22222222,51.88888889,815394.8439
3/31/19,57.77777778,42,849206.6292
4/1/19,60.33333333,41.22222222,911136.7175
4/2/19,72.22222222,41.44444444,887725.5449
4/3/19,73.55555556,54.88888889,844437.2812
4/4/19,86,63,897079.7639
4/5/19,81,60.88888889,895946.7616
4/6/19,79.66666667,65.33333333,854562.8341
4/7/19,76.77777778,60.66666667,810990.1077
4/8/19,86.22222222,57.44444444,892871.2022
4/9/19,90.55555556,57.77777778,951372.4244
4/10/19,91.11111111,62.55555556,986189.6319
4/11/19,81.11111111,59.11111111,899412.5404
4/12/19,78.44444444,54.33333333,854860.4099
4/13/19,74.77777778,52.55555556,850155.2079
4/14/19,74,47.11111111,803629.2173
4/15/19,80.77777778,52.11111111,870544.8843
4/16/19,81.55555556,63.44444444,897428.1829
4/17/19,83.22222222,65.77777778,942149.3652
4/18/19,78.44444444,58,866740.3066
4/19/19,76.77777778,51.88888889,805452.3478
4/20/19,81.66666667,50.55555556,815665.6215
4/21/19,84.11111111,59.33333333,836916.2288
4/22/19,80.55555556,66,917907.1008
4/23/19,79.11111111,67.44444444,904022.4917
4/24/19,75.55555556,62.55555556,879161.9552
4/25/19,86.88888889,58.33333333,925439.2714
4/26/19,84.11111111,60.55555556,931346.4248
4/27/19,85.88888889,60.11111111,915309.1878
4/28/19,85.33333333,64.55555556,925855.7457
4/29/19,85.22222222,68.66666667,995260.9768
4/30/19,85.88888889,73.88888889,1022934.001
5/1/19,86.44444444,72.66666667,1029100.34
5/2/19,83.66666667,68.11111111,964210.7581
5/3/19,82.22222222,66.44444444,918805.4175
5/4/19,83.33333333,63.11111111,906212.1587
5/5/19,85.88888889,63.88888889,939299.492
5/6/19,83.22222222,66.33333333,990007.5143
5/7/19,86.11111111,69.22222222,1007173.836
5/8/19,82.66666667,68.77777778,963752.5737
5/9/19,84.44444444,64.66666667,993208.1232
5/10/19,69.33333333,59.66666667,851745.5092
5/11/19,73,60.55555556,808826.061
5/12/19,79.22222222,60.22222222,833138.2426
5/13/19,81.88888889,61.44444444,936352.3509
5/14/19,84,64.11111111,983674.7784
5/15/19,86.11111111,66.55555556,1025128.441
5/16/19,86.88888889,68.11111111,1047898.322
5/17/19,89.33333333,72.22222222,1075727.45
5/18/19,87.11111111,73,1008073.96
5/19/19,90.44444444,72.77777778,1063046.025
5/20/19,90.88888889,75.33333333,1156621.875
5/21/19,88.22222222,70.66666667,1094425.882
5/22/19,91.66666667,72.55555556,1161723.199
5/23/19,91.66666667,77.55555556,1207318.387
5/24/19,90.77777778,76.33333333,1187150.142
5/25/19,90.88888889,75.44444444,1124932.43
5/26/19,90.55555556,74.44444444,1093841.978
5/27/19,91.44444444,73.44444444,1118105.698
5/28/19,92.22222222,74.88888889,1165178.703
5/29/19,90.44444444,74.22222222,1148244.56
5/30/19,89.33333333,73,1118149.499
5/31/19,90,72.33333333,1109683.505
6/1/19,92.88888889,73.22222222,1122916.079
6/2/19,92,73.77777778,1111923.687
6/3/19,93.33333333,74.44444444,1219555.656
6/4/19,89.55555556,74.22222222,1154595.905
6/5/19,88.55555556,73.88888889,1105974.231
6/6/19,93.55555556,70.66666667,1151075.686
6/7/19,95.77777778,72,1163193.786
6/8/19,98,72.55555556,1188554.195
6/9/19,96.77777778,75.22222222,1176251.293
6/10/19,88.66666667,74.33333333,1125561.956
6/11/19,85.88888889,70.33333333,1040394.756
6/12/19,90.44444444,67.77777778,1089647.632
6/13/19,91.66666667,69.55555556,1136771.643
6/14/19,93.55555556,72,1176551.023
6/15/19,96,77,1215921.383
6/16/19,93.33333333,70.55555556,1087495.038
6/17/19,90.22222222,70.77777778,1100411.552
6/18/19,95,72.77777778,1218666.345
6/19/19,98,75.33333333,1296684.138
6/20/19,97.88888889,76.88888889,1318922.89
6/21/19,96.88888889,79.44444444,1352020.022
6/22/19,95.22222222,78.22222222,1258624.046
6/23/19,95.88888889,78.11111111,1258948.568
6/24/19,89.25,70,1128703.626
6/25/19,90.88888889,71,1131811.799
6/26/19,91.55555556,73.33333333,1170628.425
6/27/19,92.55555556,75.11111111,1196260.225
6/28/19,94.11111111,74.77777778,1220133.83
6/29/19,94.55555556,72.22222222,1162636.408
6/30/19,91.11111111,71.44444444,1077607.832
7/1/19,93.22222222,74.44444444,1209208.37
7/2/19,92.77777778,75.55555556,1227054.154
7/3/19,93.11111111,75.44444444,1190554.23
7/4/19,94,77.33333333,1186757.463
7/5/19,95.11111111,78.11111111,1260279.895
7/6/19,94.55555556,77.11111111,1223884.708
7/7/19,95.77777778,77.66666667,1229249.17
7/8/19,96.88888889,77.44444444,1290295.698
7/9/19,97.88888889,78.44444444,1323750.325
7/10/19,97.77777778,76.44444444,1342759.633
7/11/19,98.11111111,75.77777778,1295030.384
7/12/19,97.66666667,77,1291396.931
7/13/19,96.88888889,75.77777778,1228646.639
7/14/19,95.11111111,76.33333333,1198121.751
7/15/19,96.55555556,76.77777778,1296674.525
7/16/19,97.66666667,79.77777778,1364959.928
7/17/19,97.22222222,78.66666667,1361529.981
7/18/19,97.55555556,77.88888889,1360428.817
7/19/19,97.88888889,78.11111111,1355065.386
7/20/19,98.22222222,78.11111111,1317889.579
7/21/19,97.77777778,77.11111111,1278544.713
7/22/19,96,76.66666667,1296341.623
7/23/19,92,75.22222222,1203430.076
7/24/19,90.66666667,69.66666667,1149511.206
7/25/19,91.55555556,66.44444444,1137326.861
7/26/19,92.77777778,69.33333333,1169817.099
7/27/19,95.55555556,72.55555556,1209469.849
7/28/19,96.66666667,75.88888889,1246051.12
7/29/19,97.22222222,77.66666667,1309499.498
7/30/19,98.88888889,76.88888889,1341017.952
7/31/19,97.77777778,75.11111111,1335820.137
8/1/19,97.44444444,76.44444444,1332896.28
8/2/19,97.66666667,76.55555556,1337501.366
8/3/19,95.66666667,77.11111111,1228952.444
8/4/19,95.66666667,77.66666667,1217749.839
8/5/19,97.77777778,76.22222222,1341376.226
8/6/19,98.55555556,78.55555556,1381066.76
8/7/19,99.77777778,79.55555556,1414584.816
8/8/19,100,79.88888889,1408845.633
8/9/19,100.2222222,80.11111111,1416297.301
8/10/19,100.5555556,79,1378884.758
8/11/19,101,79.33333333,1373645.996
8/12/19,102,79.77777778,1447721.32
8/13/19,101.4444444,79,1447330.682
8/14/19,99.88888889,77.55555556,1386700.398
8/15/19,100.3333333,77.22222222,1367445.147
8/16/19,100.7777778,78.88888889,1401935.934
8/17/19,100.5555556,80.33333333,1380859.521
8/18/19,100.5555556,81,1375298.207
8/19/19,100.3333333,80,1434382.289
8/20/19,98,78.11111111,1400310.576
8/21/19,98.11111111,77.88888889,1380440.602
8/22/19,98.33333333,77.77777778,1368231.19
8/23/19,97,76.77777778,1311256.837
8/24/19,96.22222222,77,1246768.128
8/25/19,99.66666667,77.11111111,1273324.913
8/26/19,101.8888889,79.88888889,1431187.348
8/27/19,95.33333333,78.77777778,1299368.279
8/28/19,97,75.88888889,1283430.361
8/29/19,98.77777778,76.55555556,1335743.812
8/30/19,97.33333333,77.11111111,1276954.984
8/31/19,95.66666667,75.33333333,1173259.099
9/1/19,97.22222222,74.55555556,1201748.38
9/2/19,96.66666667,74.44444444,1244703.291
9/3/19,95,74.11111111,1291962.701
9/4/19,95.77777778,76.22222222,1308092.396
9/5/19,96.77777778,75.11111111,1295037.809
9/6/19,98.22222222,75.33333333,1309744.976
9/7/19,97.66666667,75.88888889,1283298.959
9/8/19,97.55555556,75.33333333,1261323.694
9/9/19,95.55555556,76.22222222,1290755.217
9/10/19,96,76.22222222,1263601.957
9/11/19,94.66666667,74,1226101.801
9/12/19,95.44444444,74.77777778,1242792.19
9/13/19,95.44444444,74,1245816.382
9/14/19,96.44444444,73.11111111,1212330.316
9/15/19,95.77777778,72.66666667,1211763.9
9/16/19,95,74,1255837.45
9/17/19,92.88888889,73.44444444,1204677.824
9/18/19,95.22222222,73.77777778,1218902.176
9/19/19,93.11111111,75.55555556,1163279.628
9/20/19,95.77777778,77.44444444,1209521.66
9/21/19,93.22222222,77,1190170.721
9/22/19,94.33333333,75.66666667,1186718.651
9/23/19,94.55555556,76.66666667,1264238.754
9/24/19,94.66666667,75.88888889,1259478.127
9/25/19,95.33333333,75.33333333,1263153.205
9/26/19,95.11111111,74.55555556,1253279.79
9/27/19,94.88888889,75,1223882.075
9/28/19,94.66666667,77.88888889,1219061.29
9/29/19,94.77777778,78.77777778,1223932.482
9/30/19,94.55555556,78.33333333,1267122.974
10/1/19,94.55555556,77.33333333,1259856.76
10/2/19,94.22222222,75.11111111,1246388.262
10/3/19,93.88888889,73.66666667,1228586.169
10/4/19,93.11111111,72,1182717.99
10/5/19,94.44444444,72.11111111,1153622.972
10/6/19,94.77777778,70.66666667,1153626.996
10/7/19,86.22222222,66.33333333,1041842.85
10/8/19,86.88888889,63.66666667,986202.7556
10/9/19,93.11111111,68.77777778,1083031.63
10/10/19,93,69.88888889,1200393.534
10/11/19,77.66666667,50.22222222,901257.2475
10/12/19,71.22222222,52.44444444,794760.6609
10/13/19,82.88888889,59.88888889,827312.8521
10/14/19,86,69.44444444,989118.4747
10/15/19,88.44444444,71.55555556,1106300.423
10/16/19,77.22222222,57.55555556,901427.3819
10/17/19,75.22222222,54.33333333,839348.7828
10/18/19,84.33333333,56.77777778,888653.7743
10/19/19,90.11111111,64.44444444,961117.4903
10/20/19,89.66666667,64.88888889,1007573.503
10/21/19,82,57.55555556,948922.884
10/22/19,81.11111111,53.66666667,865176.6611
10/23/19,85.11111111,56.66666667,898397.3542
10/24/19,78.66666667,55.22222222,931759.1882
10/25/19,64.77777778,46.11111111,866600.774
10/26/19,73.66666667,45.77777778,814967.1315
10/27/19,80.88888889,49.11111111,813230.8899
10/28/19,75.77777778,56.22222222,879089.2375
10/29/19,65.55555556,54.88888889,924549.3233
10/30/19,60.33333333,41.55555556,976446.7249
10/31/19,57.33333333,35.66666667,1009652.792
11/1/19,65.77777778,37.22222222,978177.375
11/2/19,69.11111111,42.11111111,870213.2151
11/3/19,73.55555556,44.33333333,887423.1479
11/4/19,81.22222222,54.77777778,879209.483
11/5/19,80.11111111,61.44444444,899898.2621
11/6/19,80.88888889,62.44444444,911564.123
11/7/19,70.22222222,49.66666667,917195.7204
11/8/19,58.11111111,45,950924.8361
11/9/19,69.33333333,43.11111111,872334.1831
11/10/19,76,48.11111111,826252.3572
11/11/19,70,36.66666667,962292.3642
11/12/19,44.88888889,31.11111111,1215622.2
11/13/19,48.5,32,1183160.909
11/14/19,54.375,39.625,1051724.422
11/15/19,63.33333333,37.11111111,992713.4831
11/16/19,66.22222222,38.66666667,932680.6763
11/17/19,71.22222222,42.77777778,870114.1868
11/18/19,76.55555556,45.33333333,890956.2709
11/19/19,79.88888889,48.55555556,882126.6476
11/20/19,81,61.66666667,888959.9996
11/21/19,78.88888889,63.77777778,913237.5187
11/22/19,70.55555556,50.11111111,913933.9092
11/23/19,68,43.66666667,889931.5705
11/24/19,74.22222222,43.33333333,864863.7182
11/25/19,80.11111111,52.33333333,890072.1181
11/26/19,76.55555556,60.44444444,910018.8178
11/27/19,67.11111111,53.44444444,907907.1622
11/28/19,62.55555556,53,882939.678
11/29/19,76.77777778,57.77777778,888630.6394
11/30/19,79.33333333,60.11111111,883867.0972
12/1/19,66.77777778,46.33333333,853988.8293
12/2/19,66.11111111,41,954320.6148
12/3/19,74.11111111,39.77777778,950802.3183
12/4/19,74.11111111,46.77777778,917367.6994
12/5/19,76.33333333,50.55555556,902984.4399
12/6/19,73.22222222,52,885810.1221
12/7/19,70.77777778,46.88888889,875618.086
12/8/19,76.11111111,50,867836.6588
12/9/19,77,55.77777778,923617.781
12/10/19,61.77777778,42.22222222,1025706.061
12/11/19,57.44444444,38.33333333,1054261.61
12/12/19,65.88888889,38.88888889,1016630.694
12/13/19,76.77777778,44.77777778,941070.0577
12/14/19,77.44444444,44.44444444,893129.7556
12/15/19,80.33333333,52.33333333,892224.467
12/16/19,65.66666667,42.66666667,1017455.344
12/17/19,54.88888889,33.44444444,1110770.08
12/18/19,59.66666667,31.88888889,1105499.549
12/19/19,60.11111111,35,1087382.667
12/20/19,57.44444444,45.88888889,1029255.126
12/21/19,60.22222222,41.66666667,952595.3862
12/22/19,64.22222222,36.88888889,958031.5609
12/23/19,70.77777778,36.22222222,983870.4319
12/24/19,72.33333333,40.44444444,915244.2742
12/25/19,73.11111111,46.88888889,829910.1925
12/26/19,70.66666667,52.66666667,851051.8487
12/27/19,71.44444444,55.77777778,851424.8001
12/28/19,72,54.66666667,843047.6248
12/29/19,64.55555556,43.44444444,866959.4978
12/30/19,60.77777778,38.66666667,975466.5608
12/31/19,60.44444444,37.88888889,980098.5967
1/1/20,60,48.22222222,924459.7166
1/2/20,64.22222222,50.55555556,904317.3346
1/3/20,67.66666667,45.88888889,914201.2483
1/4/20,69.55555556,38.77777778,918818.985
1/5/20,74.33333333,41.66666667,881578.4312
1/6/20,72.44444444,42.11111111,925317.253
1/7/20,67.77777778,39.33333333,939718.5243
1/8/20,70,39.33333333,978425.6562
1/9/20,76.66666667,60.11111111,894627.9157
1/10/20,73.77777778,56.66666667,896998.812
1/11/20,63.77777778,40,949714.5926
1/12/20,63.88888889,39.55555556,980356.9231
1/13/20,69.33333333,51,949839.1615
1/14/20,78,60.55555556,908571.4176
1/15/20,79,63.77777778,918075.9737
1/16/20,68.66666667,56.44444444,934431.0613
1/17/20,68,55,927297.1535
1/18/20,68.22222222,49.77777778,862155.7469
1/19/20,59.77777778,40.88888889,928052.0433
1/20/20,61.11111111,38.44444444,986595.8826
1/21/20,59.88888889,40.77777778,1014425.263
1/22/20,62.22222222,48.33333333,1028238.292
1/23/20,67.44444444,45.88888889,940315.4208
1/24/20,66.44444444,42.33333333,955540.738
1/25/20,69.77777778,45.33333333,909271.1192
1/26/20,75.33333333,50.55555556,834931.0315
1/27/20,69.88888889,47.88888889,902478.43
1/28/20,69.11111111,49,925482.5524
1/29/20,59,42.44444444,1007051.017
1/30/20,53.77777778,44.88888889,1025630.737
1/31/20,61.44444444,42.44444444,967518.6471
2/1/20,71.33333333,38.88888889,922466.8261
2/2/20,76.11111111,43.88888889,861710.3719
2/3/20,75,55.55555556,870386.4884
2/4/20,73.77777778,50.55555556,928874.2185
2/5/20,54.66666667,35.66666667,1114858.993
2/6/20,57.88888889,32,1138748.676
2/7/20,70.66666667,37.11111111,1014694.429
2/8/20,72,46.55555556,903329.0289
2/9/20,75.88888889,61.11111111,854035.6441
2/10/20,70,51.77777778,964318.8115
2/11/20,56.33333333,45.88888889,1049304.518
2/12/20,60.66666667,44,1028637.797
2/13/20,57.22222222,39.33333333,1055924.251
2/14/20,59.55555556,37.55555556,1070821.827
2/15/20,69.55555556,42.88888889,939462.6764
2/16/20,77.88888889,52,840517.3232
2/17/20,79.66666667,57.33333333,890085.1589
2/18/20,70.66666667,55,917260.6924
2/19/20,56.44444444,48.55555556,976178.268
2/20/20,54,43,1051894.916
2/21/20,55.11111111,38.11111111,1062351.148
2/22/20,64.55555556,43.11111111,948525.0724
2/23/20,70.55555556,53.33333333,881139.4052
2/24/20,74.11111111,52.11111111,881696.3632
2/25/20,66.66666667,45.77777778,930085.6485
2/26/20,57.11111111,35.88888889,1038277.371
2/27/20,63.88888889,32.44444444,1050299.795
2/28/20,73.44444444,38.44444444,949982.7158
2/29/20,76.11111111,45.55555556,868849.6516
3/1/20,76.11111111,58.22222222,826455.6055
3/2/20,76.77777778,62.33333333,881380.1656
3/3/20,75.22222222,61,897271.5452
3/4/20,69.88888889,54,906391.8446
3/5/20,74.55555556,49.33333333,891136.8031
3/6/20,71.22222222,47.11111111,880104.958
3/7/20,67.55555556,47.66666667,871527.8895
3/8/20,73.77777778,51.77777778,819799.2662
3/9/20,74.55555556,62,872251.7698
3/10/20,79.77777778,60.11111111,902403.7523
3/11/20,84.11111111,63.11111111,941325.1009
3/12/20,83.88888889,66,959445.0635
3/13/20,80.11111111,66.33333333,933016.6753
3/14/20,80.77777778,65.44444444,905086.1145
3/15/20,72.33333333,61.33333333,880427.9667
3/16/20,77.33333333,61.11111111,898052.057
3/17/20,81.66666667,65.66666667,933726.702
3/18/20,83.77777778,67.77777778,955479.8302
3/19/20,81.55555556,66,984522.0553
3/20/20,71.44444444,54.88888889,917350.9309
3/21/20,60.88888889,51.22222222,872450.0753
3/22/20,73.77777778,57,842568.6967
3/23/20,82.33333333,64.33333333,917776.742
3/24/20,88.33333333,63.11111111,969785.3388
3/25/20,88.44444444,60.66666667,990020.9321
3/26/20,88.44444444,67,1020424.432
3/27/20,85.77777778,69.22222222,1021928.045
3/28/20,80.22222222,57.55555556,913097.9452
3/29/20,78.66666667,54.55555556,817302.5257
3/30/20,78.33333333,64,894253.4693
3/31/20,78.33333333,55.77777778,887672.9045
4/1/20,77.55555556,55.11111111,860127.4833
4/2/20,78.33333333,63.33333333,870476.1699
4/3/20,75.11111111,55,898732.5434
4/4/20,62.22222222,51.77777778,880633.1076
4/5/20,72.88888889,55.66666667,819506.4508
4/6/20,78,64.33333333,864204.4266
4/7/20,87.77777778,69.11111111,979209.8481
4/8/20,90.66666667,69.66666667,1043692.99
4/9/20,85,66.33333333,972587.684
4/10/20,78.22222222,62.88888889,852587.4335
4/11/20,80.66666667,62.66666667,835570.0754
4/12/20,87.22222222,57.44444444,907803.6653
4/13/20,66.66666667,48.44444444,832395.3406
4/14/20,66.88888889,48.77777778,843733.2245
4/15/20,70.22222222,47.22222222,841660.5614
4/16/20,77,52.88888889,844864.3263
4/17/20,74.55555556,58.77777778,859018.2322
4/18/20,74.22222222,57.88888889,822075.5094
4/19/20,89.66666667,63.22222222,858008.5551
4/20/20,85.22222222,61.44444444,898338.9811
4/21/20,87.22222222,65.44444444,949739.8172
4/22/20,86,68.88888889,962083.1255
4/23/20,90.66666667,62.88888889,967952.979
4/24/20,92.88888889,62.55555556,976996.5052
4/25/20,83.11111111,61.77777778,853591.9503
4/26/20,86.55555556,58.22222222,856541.9843
4/27/20,89.33333333,63.66666667,938851.9094
4/28/20,90.55555556,70.44444444,1032610.553
4/29/20,85.22222222,60.44444444,927923.27
4/30/20,87.11111111,55.22222222,907041.5679
5/1/20,89.88888889,61.88888889,947638.1731
5/2/20,92.11111111,69,989349.5093
5/3/20,92.55555556,70.77777778,1033335.485
5/4/20,93.66666667,72.33333333,1124083.808
5/5/20,87.11111111,69.88888889,1046446.936
5/6/20,87,62.66666667,947401.7027
5/7/20,89.11111111,62.22222222,969766.0066
5/8/20,85.11111111,64.55555556,977359.1094
5/9/20,78.11111111,59,814598.5209
5/10/20,82.55555556,58.55555556,833202.0747
5/11/20,85,62.33333333,930084.8667
5/12/20,84.77777778,68.44444444,946009.6633
5/13/20,88.77777778,68.55555556,1008460.82
5/14/20,91.33333333,71.88888889,1090704.592
5/15/20,90.22222222,67.77777778,1053280.982
5/16/20,82.22222222,65.22222222,870806.682
5/17/20,90.66666667,66.55555556,927438.5208
5/18/20,93.88888889,66.33333333,1080691.386
5/19/20,94.11111111,71,1171467.831
5/20/20,92.44444444,74.22222222,1142217.992
5/21/20,91.55555556,72.11111111,1125979.467
5/22/20,93.55555556,75.44444444,1188051.32
5/23/20,92.44444444,73,1133492.138
5/24/20,90.66666667,68.22222222,1035686.72
5/25/20,81.11111111,66.55555556,899146.4899
5/26/20,85.44444444,65.55555556,957778.4088
5/27/20,90.44444444,64.88888889,995063.9791
5/28/20,88.88888889,66.88888889,1020543.493
5/29/20,87.33333333,68.22222222,1037608.829
5/30/20,87.66666667,68,1002234.984
5/31/20,85.33333333,69.55555556,971967.8911
6/1/20,86.55555556,71.33333333,1029041.441
6/2/20,89.77777778,70.88888889,1114678.114
6/3/20,91,73,1163337.672
6/4/20,93.11111111,74.77777778,1228638.593
6/5/20,93.55555556,75.11111111,1245322.44
6/6/20,95.11111111,73.88888889,1223799.589
6/7/20,96,74.33333333,1215033.846
6/8/20,97.22222222,75.22222222,1302804.849
6/9/20,95.22222222,75.88888889,1323010.621
6/10/20,92.33333333,68.55555556,1125346.34
6/11/20,92.77777778,66.22222222,1123238.23
6/12/20,92,66,1120427.343
6/13/20,92.33333333,67,1111358.561
6/14/20,92,67.22222222,1117669.577
6/15/20,93.11111111,71.77777778,1223754.702
6/16/20,93.22222222,73.88888889,1232733.474
6/17/20,93.44444444,72.44444444,1226810.36
6/18/20,94.66666667,73.66666667,1230564.999
6/19/20,94.33333333,75.11111111,1216575.408
6/20/20,93.33333333,72.66666667,1127703.387
6/21/20,94.33333333,76,1131887.489
6/22/20,93.55555556,74.11111111,1171999.758
6/23/20,89.88888889,72.77777778,1111761.021
6/24/20,90.44444444,72,1128910.606
6/25/20,90.11111111,72.66666667,1159173.986
6/26/20,88.33333333,75.22222222,1147653.407
6/27/20,92.33333333,76.44444444,1186423.545
6/28/20,91.88888889,78.44444444,1177521.173
6/29/20,93.66666667,79.44444444,1281562.032
6/30/20,94.77777778,79.55555556,1309821.213
7/1/20,95.77777778,79.55555556,1330402.299
7/2/20,96,77.66666667,1324922.948
7/3/20,97.55555556,75.77777778,1278130.155
7/4/20,98.33333333,74.55555556,1244189.541
7/5/20,97.22222222,75.88888889,1234389.056
7/6/20,94.77777778,77.22222222,1251079.702
7/7/20,94.11111111,77.44444444,1260232.666
7/8/20,96.77777778,77.88888889,1329429.845
7/9/20,98.11111111,79.44444444,1373664.708
7/10/20,99.22222222,78.22222222,1372211.775
7/11/20,99.88888889,78.22222222,1360492.485
7/12/20,101.2222222,77.44444444,1327173.913
7/13/20,102.2222222,78.66666667,1432227.36
7/14/20,100.6666667,78.77777778,1407808.103
7/15/20,98.66666667,79.44444444,1386320.637
7/16/20,98.77777778,78.44444444,1396911.953
7/17/20,96.44444444,76.44444444,1353617.042
7/18/20,95.125,76.125,1266877.474
7/19/20,96,74.77777778,1272147.34
7/20/20,95.44444444,76.11111111,1312178.246
7/21/20,94,76.44444444,1264723.117
7/22/20,95.77777778,77.88888889,1302538.469
7/23/20,97.44444444,76.88888889,1352406
7/24/20,96.11111111,76.77777778,1341954.358
7/25/20,90.22222222,75.77777778,1184393.312
7/26/20,92,75.55555556,1145816.356
7/27/20,93.77777778,75.66666667,1235968.109
7/28/20,91.22222222,75.22222222,1184754.097
7/29/20,93.77777778,76.44444444,1199114.867
7/30/20,96.44444444,77,1317247.351
7/31/20,94.44444444,75.44444444,1267110.296
8/1/20,94.77777778,72.44444444,1151335.22
8/2/20,96.66666667,73.11111111,1178254.605
8/3/20,96,73.44444444,1246389.327
8/4/20,97,74.66666667,1279593.491
8/5/20,96.88888889,76.77777778,1287134.791
8/6/20,97.44444444,77.22222222,1335750.081
8/7/20,97.22222222,77.11111111,1361236.386
8/8/20,96.88888889,76.66666667,1313767.72
8/9/20,97.55555556,77.44444444,1314156.78
8/10/20,98,78,1387554.541
8/11/20,99.11111111,78.44444444,1417851.696
8/12/20,99.66666667,79.11111111,1439755.519
8/13/20,99.88888889,78.44444444,1441624.691
8/14/20,101.4444444,78.22222222,1434770.005
8/15/20,101.3333333,78.88888889,1402123.97
8/16/20,100.4444444,76.33333333,1370432.502
8/17/20,94.77777778,74.11111111,1275436.825
8/18/20,98.44444444,73.66666667,1303215.076
8/19/20,98,72.55555556,1267680.363
8/20/20,97.33333333,72.44444444,1255829.338
8/21/20,97.33333333,73.11111111,1267192.194
8/22/20,94.44444444,74,1191966.252
8/23/20,95.44444444,73,1206783.156
8/24/20,95.77777778,73.77777778,1278179.12
8/25/20,97.33333333,74.55555556,1300753.643
8/26/20,95.66666667,75.55555556,1283869.693
8/27/20,97.77777778,75.77777778,1293505.927
8/28/20,101.2222222,78.88888889,1408368.462
8/29/20,101.1111111,79.33333333,1382367.918
8/30/20,99,78.88888889,1324822.591
8/31/20,99.88888889,82.11111111,1433313.054
9/1/20,98,79.66666667,1364318.081
9/2/20,91.44444444,76.33333333,1241503.803
9/3/20,92.88888889,76,1223340.315
9/4/20,87.77777778,73.77777778,1180333.191
9/5/20,90.11111111,73.77777778,1119194.586
9/6/20,92.11111111,73.22222222,1142084.082
9/7/20,93.22222222,74.33333333,1200901.05
9/8/20,91.11111111,72.22222222,1211865.594
9/9/20,83.44444444,65.44444444,1143449.208
9/10/20,74.88888889,62.55555556,979726.7297
9/11/20,84.88888889,66.11111111,1013512.896
9/12/20,91.77777778,69.77777778,1096697.719
9/13/20,91.33333333,73,1129445.974
9/14/20,89.33333333,73.88888889,1172544.151
9/15/20,91.11111111,74.66666667,1200072.921
9/16/20,91.22222222,73,1194240.661
9/17/20,87.88888889,72.66666667,1154391.99
9/18/20,87.55555556,69.88888889,1104531.719
9/19/20,84.55555556,66.33333333,998443.5065
9/20/20,82.33333333,62.77777778,928707.6005
9/21/20,80,67.33333333,960601.25
9/22/20,81.88888889,68.22222222,972206.2453
9/23/20,82.33333333,68.44444444,979330.3633
9/24/20,83,65.11111111,977121.5497
9/25/20,87.55555556,64.66666667,1028772.202
9/26/20,90.66666667,67.88888889,1053758.871
9/27/20,91.66666667,72.66666667,1140491.687
9/28/20,81.55555556,62.55555556,991221.1617
9/29/20,82.55555556,53.11111111,916492.5286
9/30/20,87.55555556,55,958026.1586
10/1/20,87.11111111,55.88888889,973035.4841
10/2/20,83.44444444,58.44444444,944101.6011
10/3/20,86.11111111,59.44444444,931123.9726
10/4/20,86,59.77777778,944725.8876
10/5/20,85.88888889,61,1000786.095
10/6/20,88.11111111,61.66666667,1042699.317
10/7/20,88.66666667,61.44444444,1063230.684
10/8/20,87.77777778,64.33333333,1079790.917
10/9/20,89,68.55555556,1102322.001
10/10/20,93.77777778,65.22222222,1075339.171
10/11/20,94.22222222,69.22222222,1142818.07
10/12/20,88.33333333,65.88888889,1127909.69
10/13/20,88.55555556,61.77777778,1041767.606
10/14/20,91.88888889,65.11111111,1102032.408
10/15/20,85.44444444,67.66666667,1085170.332
10/16/20,78.11111111,56.55555556,894023.4531
10/17/20,83.33333333,58.77777778,889892.0163
10/18/20,89.88888889,68.22222222,1030671.671
10/19/20,85.44444444,67.33333333,1050588.624
10/20/20,89.22222222,68.66666667,1103052.438
10/21/20,88.33333333,70.33333333,1110789.552
10/22/20,88.88888889,70.33333333,1111301.252
10/23/20,82.77777778,57.44444444,1006845.015
10/24/20,71.11111111,54.22222222,822566.6626
10/25/20,81.55555556,56.44444444,872515.5038
10/26/20,71,51.44444444,990832.4939
10/27/20,56.55555556,45.88888889,1012739.805
10/28/20,62.77777778,41.77777778,989324.3869
10/29/20,67.22222222,43.55555556,955417.2137
10/30/20,71.44444444,43.88888889,906341.135
10/31/20,78,46,852904.2032
11/1/20,77.88888889,50.22222222,858227.5056
11/2/20,75.33333333,46,876393.9253
11/3/20,78.66666667,46.88888889,889889.5175
11/4/20,80.44444444,50.22222222,893029.1369
11/5/20,81.66666667,56.22222222,900712.7013
11/6/20,80.33333333,56.11111111,894126.6461
11/7/20,81,55,880883.5112
11/8/20,81.77777778,60.44444444,895027.5318
11/9/20,83.22222222,65.33333333,992088.696
11/10/20,80.33333333,59.88888889,974957.2945
11/11/20,82,56.11111111,947668.4895
11/12/20,83,58,947134.4183
11/13/20,79.66666667,63,942888.6603
11/14/20,84.77777778,65.55555556,974316.3948
11/15/20,75.55555556,51.44444444,855996.7764
11/16/20,75.33333333,45.77777778,893040.9076
11/17/20,76.88888889,44.88888889,896451.0283
11/18/20,77.77777778,48.33333333,906264.6981
11/19/20,80.77777778,56.44444444,916607.6686
11/20/20,81.33333333,59.55555556,922843.2357
11/21/20,79.88888889,59.77777778,886481.4465
11/22/20,76.44444444,59,872327.3875
11/23/20,71.33333333,55.44444444,899684.1319
11/24/20,81.22222222,60,941114.2747
11/25/20,74.55555556,52.33333333,913850.0699
11/26/20,78.44444444,52.33333333,880343.0851
11/27/20,73,60.22222222,877790.1109
11/28/20,66.33333333,53.55555556,864677.4958
11/29/20,61,45.66666667,894552.6862
11/30/20,58,34.11111111,1035965.39
12/1/20,65.88888889,33.66666667,1073700.573
12/2/20,64.33333333,44.44444444,985524.466
12/3/20,55.88888889,39.33333333,1054826.946
12/4/20,58.22222222,36.55555556,1036310.585
12/5/20,56.55555556,37.77777778,1001584.066
12/6/20,65.55555556,39.22222222,922141.2367
12/7/20,69.33333333,38.33333333,979832.6317
12/8/20,75.55555556,39.33333333,960379.1356
12/9/20,78.77777778,43,945289.8249
12/10/20,78.44444444,46.66666667,924334.7011
12/11/20,74,53.44444444,892936.7339
12/12/20,67.11111111,49,896719.2947
12/13/20,64.66666667,43,979833.7029
12/14/20,54.11111111,36.66666667,1092657.372
12/15/20,58,38.33333333,1100570.764
12/16/20,56.77777778,33.88888889,1108592.632
12/17/20,63.11111111,32.55555556,1106261.909
12/18/20,66.88888889,40.55555556,1020100.967
12/19/20,69.55555556,45.44444444,886615.839
12/20/20,69,40.44444444,923616.9227
12/21/20,72.77777778,40.44444444,960972.527
12/22/20,73.55555556,45.77777778,937298.7815
12/23/20,73.88888889,48,922706.8849
12/24/20,60.44444444,33.66666667,1029047.252
12/25/20,66,33.44444444,951736.555
12/26/20,71.11111111,38.66666667,918854.2646
12/27/20,76.22222222,46.44444444,857386.0473
12/28/20,72.77777778,52.88888889,904600.8491
12/29/20,74.77777778,58.55555556,887522.9057
12/30/20,68.55555556,49.11111111,945528.702
12/31/20,54,37.77777778,1084729.925
1/1/21,52.66666667,34.77777778,1068036.856
1/2/21,61.88888889,36.66666667,996786.2996
1/3/21,69.77777778,37.88888889,952070.9151
1/4/21,73.44444444,40.66666667,951512.1494
1/5/21,69.88888889,45.33333333,945324.3933
1/6/21,69.55555556,48.88888889,930942.5521
1/7/21,61.44444444,40.55555556,1001164.919
1/8/21,53.33333333,36.66666667,1050948.454
1/9/21,52.22222222,33.66666667,1067399.542
1/10/21,48.22222222,34.33333333,1151727.499
1/11/21,46.66666667,32.11111111,1206401.164
1/12/21,52.33333333,31,1181361.314
1/13/21,64.88888889,33.77777778,1092448.649
1/14/21,68.44444444,38.11111111,1017004.081
1/15/21,61.11111111,37.22222222,1058457.62
1/16/21,64,35.77777778,1014964.75
1/17/21,68.33333333,38.55555556,950293.109
1/18/21,72.66666667,41.77777778,976624.2494
1/19/21,66.22222222,53.11111111,933863.5177
1/20/21,58.55555556,50.66666667,982508.9542
1/21/21,66.55555556,52.33333333,944709.9428
1/22/21,68.66666667,54,924353.6444
1/23/21,66,54.77777778,897030.0173
1/24/21,73.88888889,59.44444444,880909.5244
1/25/21,75.66666667,53.33333333,912034.6711
1/26/21,71.77777778,46.55555556,938578.8368
1/27/21,64.55555556,43.66666667,968213.6936
1/28/21,60.11111111,38.55555556,1053996.394
1/29/21,69.11111111,43.44444444,992709.3844
1/30/21,76.66666667,54.11111111,876909.5768
1/31/21,68.44444444,46.33333333,888600.0963
2/1/21,65.77777778,39.77777778,982360.51
2/2/21,69.22222222,41.44444444,970066.952
2/3/21,76.22222222,45.77777778,935709.4732
2/4/21,76.44444444,53.55555556,900041.5357
2/5/21,64.77777778,46.11111111,952683.4537
2/6/21,70.77777778,46.44444444,924967.8303
2/7/21,69.11111111,41,935255.1761
2/8/21,75.44444444,51.11111111,937477.8377
2/9/21,65.66666667,49,1043626.153
2/10/21,54,41.77777778,1162988.248
2/11/21,43.44444444,33.88888889,1342444.752
2/12/21,36.11111111,30.88888889,1440408.503
2/13/21,35,28.11111111,1417917.031
2/14/21,31.88888889,18.88888889,1509032.521
2/15/21,30.55555556,12.22222222,1181470.819
2/16/21,34.22222222,12.44444444,1082785.522
2/17/21,37.55555556,25.77777778,1092958.216
2/18/21,38.33333333,26,1251024.865
2/19/21,49.11111111,22.11111111,1180904.211
2/20/21,62.11111111,29.55555556,1025155.618
2/21/21,73.88888889,43.66666667,827521.7853
2/22/21,74.44444444,43.22222222,837522.6435
2/23/21,79.11111111,45,840271.3137
2/24/21,77.88888889,57,823258.5866
2/25/21,65.55555556,54.66666667,883601.8144
2/26/21,70.44444444,53.88888889,899316.5122
2/27/21,78.11111111,59.55555556,851337.2797
2/28/21,76.33333333,60.55555556,841223.6281
3/1/21,65,47.77777778,909161.8923
3/2/21,65.77777778,41.77777778,907493.1367
3/3/21,72.11111111,41,905422.4549
3/4/21,76,47.55555556,872099.2434
3/5/21,75,53.33333333,853057.6004
3/6/21,68.11111111,45.55555556,815018.0173
3/7/21,69.11111111,43.66666667,833504.5532
3/8/21,73.88888889,48,879808.0395
3/9/21,77.55555556,57.55555556,864502.0784
3/10/21,81.11111111,61.77777778,882694.2752
3/11/21,80.55555556,66.33333333,901189.3628
3/12/21,82.22222222,66.88888889,925130.9323
3/13/21,80.22222222,63.33333333,878803.8958
3/14/21,76.22222222,53.11111111,791719.8859
3/15/21,82.22222222,53.66666667,878527.7142
3/16/21,83.22222222,63,917360.2847
3/17/21,77.55555556,53.66666667,897966.0419
3/18/21,71,46.77777778,881758.6262
3/19/21,70.22222222,44.88888889,878875.4455
3/20/21,71.77777778,43.66666667,847067.3869
3/21/21,74.88888889,49.11111111,841559.2548
3/22/21,74.55555556,56.22222222,885982.9689
3/23/21,81.11111111,54.11111111,905944.0289
3/24/21,76.77777778,55.22222222,892746.0005
3/25/21,78.33333333,53.77777778,887385.4038
3/26/21,83.66666667,52.44444444,908151.7885
3/27/21,82.66666667,61.44444444,926834.126
3/28/21,74.77777778,51.88888889,831307.8965
3/29/21,76.33333333,49.44444444,883406.5638
3/30/21,81.22222222,61.77777778,928958.1947
3/31/21,74.33333333,56.11111111,904492.9179
4/1/21,70.88888889,47.88888889,867600.2733
4/2/21,70.88888889,49,856827.3122
4/3/21,72.55555556,55.44444444,821271.2516
4/4/21,76.55555556,58,813791.1545
4/5/21,81.88888889,58.44444444,912205.1271
4/6/21,86.11111111,66.44444444,980147.5955
4/7/21,86.22222222,60.11111111,986782.2517
4/8/21,89.22222222,56.44444444,988144.8714
4/9/21,88.55555556,67.33333333,1047479.581
4/10/21,82.66666667,58.22222222,913104.178
4/11/21,87.22222222,55.66666667,914506.1222
4/12/21,84.66666667,63.55555556,1015366.048
4/13/21,82,66.66666667,1011168.26
4/14/21,80.33333333,66.66666667,988419.694
4/15/21,73.22222222,63.11111111,921886.6733
4/16/21,71.22222222,60.11111111,920930.2043
4/17/21,65.44444444,52.44444444,848962.8801
4/18/21,69.66666667,50.77777778,824932.7251
4/19/21,75.77777778,48.55555556,878307.8314
4/20/21,75.66666667,50.11111111,909381.4806
4/21/21,68,47.22222222,902195.8004
4/22/21,73.22222222,53.77777778,892676.3996
4/23/21,80.66666667,64.22222222,929118.9674
4/24/21,87.11111111,59.11111111,928930.7421
4/25/21,86.22222222,57.88888889,933946.8788
4/26/21,86.11111111,67.66666667,1014207.149
4/27/21,84.33333333,71.11111111,1024148.054
4/28/21,85.44444444,71.22222222,1080135.092
4/29/21,77.33333333,68.11111111,1018837.843
4/30/21,76,66,931870.1015
5/1/21,78.22222222,65.33333333,887492.2962
5/2/21,90,64.77777778,985662.0694
5/3/21,90.11111111,70.55555556,1153891.574
5/4/21,83.88888889,65.11111111,1043475.913
5/5/21,82.88888889,59.33333333,967792.5337
5/6/21,85.66666667,58.66666667,1005167.576
5/7/21,87.44444444,60.88888889,1035664.601
5/8/21,91.22222222,68.33333333,1060030.329
5/9/21,89.66666667,72.33333333,1097700.433
5/10/21,82,67.44444444,1072999.397
5/11/21,78,64.44444444,1027498.495
5/12/21,74.77777778,61.55555556,909320.2535
5/13/21,78.55555556,61.88888889,927979.8738
5/14/21,83.33333333,62.33333333,981681.3252
5/15/21,84,66.44444444,964297.0524
5/16/21,84.11111111,69.22222222,947720.2404
5/17/21,86.11111111,68.55555556,1043009.923
5/18/21,81.55555556,66,986662.0802
5/19/21,78.44444444,63.88888889,947427.1133
5/20/21,85.33333333,64.55555556,1004963.822
5/21/21,86.88888889,68.88888889,1071083.763
5/22/21,84.22222222,71.44444444,1007747.284
5/23/21,81.44444444,71.22222222,966176.6203
5/24/21,85.77777778,71.66666667,1032189.552
5/25/21,88.11111111,72.77777778,1085851.389
5/26/21,90.44444444,74.11111111,1190849.249
5/27/21,90.55555556,75.11111111,1211351.381
5/28/21,86.55555556,68.11111111,1112651.963
5/29/21,87.44444444,67.66666667,1028602.036
5/30/21,84.33333333,71,1003455.457
5/31/21,83.33333333,70,1015671.585
6/1/21,82.66666667,68.55555556,1030281.91
6/2/21,86.22222222,67.44444444,1074048.343
6/3/21,82.33333333,67.55555556,1021564.24
6/4/21,83.77777778,68.55555556,1022809.888
6/5/21,88.11111111,69.66666667,1049885.289
6/6/21,91.55555556,71.33333333,1111828.747
6/7/21,91,76.55555556,1191107.987
6/8/21,92.88888889,76.33333333,1259591.793
6/9/21,93.77777778,77.44444444,1306248.17
6/10/21,93.77777778,77.33333333,1318445.961
6/11/21,94.66666667,77.11111111,1325307.002
6/12/21,94.55555556,76,1271836.694
6/13/21,97.44444444,75.55555556,1312245.647
6/14/21,96.22222222,75.66666667,1366457.549
6/15/21,95.88888889,73.44444444,1329420.953
6/16/21,96,72.44444444,1317161.957
6/17/21,95.66666667,74.88888889,1343896.924
6/18/21,94.66666667,73.77777778,1319730.633
6/19/21,95.66666667,72.55555556,1274188.056
6/20/21,95.88888889,76.55555556,1293346.093
6/21/21,93.77777778,76.22222222,1332853.465
6/22/21,90.55555556,72.88888889,1231948.585
6/23/21,95,76.66666667,1340983.204
6/24/21,95.44444444,77.88888889,1393095.412
6/25/21,95.77777778,79.11111111,1389721.018
6/26/21,95.44444444,76.55555556,1317588.921
6/27/21,89.66666667,74.22222222,1220006.914
6/28/21,85.88888889,73.11111111,1154779.215
6/29/21,87.88888889,73.88888889,1171692.379
6/30/21,90.55555556,74.88888889,1242254.354
7/1/21,92.66666667,74.77777778,1306536.978
7/2/21,93.33333333,75.33333333,1267516.214
7/3/21,89.66666667,75,1151195.551
7/4/21,90.22222222,75.22222222,1135637.562
7/5/21,88.33333333,74.33333333,1171677.385
7/6/21,88,73,1203737.536
7/7/21,85.88888889,72.88888889,1215828.654
7/8/21,89.44444444,73.77777778,1237342.112
7/9/21,84.22222222,73.77777778,1156315.399
7/10/21,91.22222222,76.11111111,1228252.212
7/11/21,91.22222222,75.88888889,1221386.067
7/12/21,89.66666667,74.33333333,1233368.044
7/13/21,91.22222222,72.66666667,1233353.363
7/14/21,91.44444444,72.88888889,1236606.684
7/15/21,92.44444444,75,1281995.076
7/16/21,92.88888889,76.88888889,1305257.293
7/17/21,93.55555556,76.88888889,1297562.319
7/18/21,93.66666667,76,1282119.591
7/19/21,91.88888889,74.77777778,1280395.671
7/20/21,91.11111111,73.44444444,1246494.873
7/21/21,90,72.33333333,1238305.771
7/22/21,92.44444444,73.55555556,1264114.408
7/23/21,94.66666667,76,1340876.26
7/24/21,95.77777778,76.55555556,1347271.047
7/25/21,96.11111111,75.66666667,1332792.692
7/26/21,97,75.11111111,1401042.259
7/27/21,96.33333333,75.22222222,1402520.868
7/28/21,94.66666667,75.33333333,1380096.753
7/29/21,95.44444444,75.11111111,1391671.679
7/30/21,96.11111111,75.66666667,1393625.554
7/31/21,97.22222222,77,1378679.467
8/1/21,94.33333333,76.33333333,1313996.852
8/2/21,89.88888889,75.11111111,1260756.052
8/3/21,91.77777778,73.44444444,1270239.59
8/4/21,90.66666667,73.55555556,1278709.817
8/5/21,89.55555556,74.44444444,1249701.632
8/6/21,92.66666667,75,1283869.688
8/7/21,94.44444444,76,1314558.576
8/8/21,96,78.44444444,1348627.993
8/9/21,96.11111111,78.55555556,1431430.055
8/10/21,96.33333333,77.88888889,1425580.659
8/11/21,95.88888889,76.66666667,1403310.145
8/12/21,96.11111111,76.88888889,1409324.818
8/13/21,95.33333333,75.77777778,1367921.652
8/14/21,93.55555556,75.22222222,1261886.441
8/15/21,91.66666667,74.44444444,1203190.95
8/16/21,93.88888889,74.11111111,1283040.368
8/17/21,93.55555556,75.66666667,1274625.592
8/18/21,93.77777778,77.55555556,1249261.278
8/19/21,96.33333333,77.66666667,1368278.048
8/20/21,95.88888889,77.55555556,1389046.228
8/21/21,95.77777778,77.11111111,1357595.539
8/22/21,95.88888889,75.55555556,1355509.682
8/23/21,96.44444444,74.55555556,1398322.29
8/24/21,96.88888889,75.33333333,1417543.538
8/25/21,96.88888889,76.44444444,1420886.626
8/26/21,96.44444444,75.88888889,1398737.459
8/27/21,93,74.77777778,1330218.585
8/28/21,93.66666667,75.22222222,1273532.867
8/29/21,94.77777778,75.55555556,1264612.089
8/30/21,96.66666667,75.11111111,1367126.842
8/31/21,98.11111111,76.88888889,1412213.06
9/1/21,97.88888889,78.77777778,1430671.086
9/2/21,96.77777778,78,1410823.062
9/3/21,96.11111111,76.88888889,1382684.35
9/4/21,97.11111111,76.11111111,1351855.925
9/5/21,97.77777778,75.55555556,1307319.688
9/6/21,96.44444444,75.22222222,1298257.129
9/7/21,96,72.44444444,1295236.01
9/8/21,96,71,1268024.412
9/9/21,95.44444444,69.66666667,1246152.172
9/10/21,93.88888889,69.66666667,1222844.567
9/11/21,92.33333333,68,1151794.627
9/12/21,91.44444444,70.22222222,1164936.937
9/13/21,89,71.22222222,1174707.227
9/14/21,87.77777778,70.33333333,1105648.236
9/15/21,90.22222222,71.44444444,1144887.254
9/16/21,92,71,1186109.816
9/17/21,95.11111111,71.55555556,1259065.196
9/18/21,96.55555556,72.55555556,1236464.822
9/19/21,96.11111111,72,1247885.458
9/20/21,99.11111111,75.88888889,1369083.249
9/21/21,90.88888889,72.66666667,1306053.404
9/22/21,85.11111111,61.22222222,1065512.193
9/23/21,86.66666667,57.77777778,1026158.619
9/24/21,87.55555556,60.22222222,1043114.501
9/25/21,89,61.88888889,1044507.913
9/26/21,89.88888889,62.77777778,1067275.168
9/27/21,92,68.77777778,1164241.387
9/28/21,93.11111111,71.77777778,1208102.669
9/29/21,90.11111111,69.66666667,1173546.273
9/30/21,89.66666667,72,1192178.534
10/1/21,84.11111111,69.33333333,1077587.861
10/2/21,87.33333333,70.55555556,1083636.255
10/3/21,89.77777778,69.44444444,1094800.249
10/4/21,90.11111111,65.88888889,1113488.282
10/5/21,90.22222222,63.11111111,1074671.314
10/6/21,89.66666667,62.22222222,1074745.233
10/7/21,91.55555556,64.33333333,1123247.924
10/8/21,91.55555556,66.88888889,1159246.557
10/9/21,92.11111111,67.11111111,1125672.036
10/10/21,92.22222222,69.66666667,1171889.792
10/11/21,87.22222222,65.33333333,1098946.816
10/12/21,90.11111111,72.22222222,1168980.448
10/13/21,88.88888889,71.77777778,1195140.215
10/14/21,86.66666667,70.44444444,1102475.798
10/15/21,84.66666667,64.77777778,1099580.183
10/16/21,76.11111111,53.88888889,872225.3163
10/17/21,76.77777778,51.66666667,845463.7625
10/18/21,79.88888889,54.22222222,926752.1814
10/19/21,85.11111111,61.66666667,991534.4134
10/20/21,86.66666667,66.88888889,1061941.111
10/21/21,86.66666667,66.22222222,1072412.379
10/22/21,87.66666667,64.66666667,1074160.484
10/23/21,88.88888889,69.11111111,1074705.159
10/24/21,88.55555556,69.55555556,1085363.621
10/25/21,90.55555556,68.77777778,1155090.433
10/26/21,88.88888889,72,1160020.447
10/27/21,81.55555556,59.11111111,1022468.592
10/28/21,79.44444444,54.44444444,909715.4746
10/29/21,77.77777778,49.88888889,890338.5598
10/30/21,82.33333333,48.33333333,866152.4005
10/31/21,82.44444444,52.11111111,886944.1232
11/1/21,81.44444444,55.77777778,939516.9305
11/2/21,75.88888889,57.77777778,947471.9889
11/3/21,66.11111111,53.11111111,948929.983
11/4/21,61.88888889,48.33333333,926108.1523
11/5/21,67.88888889,44.33333333,923056.3436
11/6/21,72.77777778,45.77777778,882755.7078
11/7/21,76.33333333,48.22222222,909239.7224
11/8/21,78.66666667,53.55555556,926264.5132
11/9/21,79.77777778,57.77777778,923983.1473
11/10/21,82,62,958899.3444
11/11/21,76.77777778,53.22222222,931142.6862
11/12/21,76.66666667,50.66666667,932623.7675
11/13/21,72.77777778,45.44444444,897234.5998
11/14/21,78.33333333,48.77777778,886806.8376
11/15/21,83.44444444,54,955792.4154
11/16/21,83.44444444,61.55555556,985975.1603
11/17/21,82.22222222,60.44444444,1004876.282
11/18/21,70.11111111,51.33333333,935657.0202
11/19/21,68.66666667,45.11111111,951936.8619
11/20/21,77.77777778,51.11111111,910171.0401
11/21/21,76.55555556,58.22222222,904642.8894
11/22/21,71.33333333,46.55555556,926902.6932
11/23/21,73.88888889,46,951944.2293
11/24/21,78.44444444,56.33333333,948329.6365
11/25/21,70.11111111,51.33333333,897494.7351
11/26/21,58.66666667,44.22222222,932424.5496
11/27/21,61.22222222,47.77777778,937139.8713
11/28/21,68.77777778,45.88888889,896523.0215
11/29/21,73.55555556,43.44444444,963246.2291
11/30/21,76.77777778,48.11111111,947447.5292
12/1/21,79.44444444,51.44444444,936729.5363
12/2/21,80.88888889,52.66666667,949678.3529
12/3/21,80.88888889,60.44444444,961958.2963
12/4/21,79.33333333,61.44444444,938082.254
12/5/21,79.66666667,61.33333333,948813.5557
12/6/21,74,51,980343.795
12/7/21,69.33333333,45.44444444,978654.6432
12/8/21,75.11111111,50.22222222,973512.7079
12/9/21,82.77777778,64.11111111,999233.1193
12/10/21,81.77777778,65.44444444,1047267.741
12/11/21,71.88888889,41.77777778,940309.4241
12/12/21,65.22222222,38.66666667,997626.7765
12/13/21,72.77777778,49.11111111,993751.2422
12/14/21,79.33333333,61,986206.7226
12/15/21,81.77777778,68.88888889,1026765.648
12/16/21,80.88888889,65.44444444,1019040.437
12/17/21,80,65.44444444,1008966.549
12/18/21,71.22222222,49,956673.4726
12/19/21,57,42.22222222,1005380.835
12/20/21,61.77777778,41.22222222,1022243.317
12/21/21,68.44444444,38.88888889,1021870.172
12/22/21,74.55555556,46,971939.4242
12/23/21,77.55555556,54.22222222,938550.2788
12/24/21,81.77777778,60.66666667,928971.0996
12/25/21,81.77777778,60.88888889,895171.7213
12/26/21,81.22222222,59.55555556,909228.7408
12/27/21,80.44444444,63.22222222,958750.7721
12/28/21,79.77777778,61.11111111,975647.4928
12/29/21,81.44444444,60,974908.0619
12/30/21,81.66666667,56.77777778,962373.9165
12/31/21,81.44444444,63.55555556,968629.7846
1/1/22,79,46.11111111,976785.5676
1/2/22,57.11111111,28.44444444,1154948.995
1/3/22,58.22222222,28.77777778,1172499.448
1/4/22,70.22222222,36.88888889,1080242.423
1/5/22,73.33333333,42.11111111,994791.7393
1/6/22,61.44444444,38.88888889,1091588.603
1/7/22,55.55555556,34.55555556,1201361.42
1/8/22,70.44444444,48.88888889,1000463.346
1/9/22,69.66666667,50.33333333,961776.4152
1/10/22,59.11111111,41.66666667,1079318.504
1/11/22,58.77777778,40.44444444,1115096.274
1/12/22,65.77777778,41,1031595.031
1/13/22,76.11111111,39.77777778,1000917.362
1/14/22,76.22222222,42.33333333,977309.6944
1/15/22,62.33333333,38.33333333,1106971.186
1/16/22,63.55555556,31.55555556,1111788.956
1/17/22,70,33.77777778,1074460.19
1/18/22,76.88888889,45.33333333,994989.4069
1/19/22,74.44444444,47.66666667,980170.6614
1/20/22,49.55555556,33.66666667,1316300.789
1/21/22,49,30.44444444,1309868.581
1/22/22,54.55555556,31.44444444,1202223.643
1/23/22,59.55555556,41.55555556,1056510.138
1/24/22,58.33333333,43.77777778,1058580.343
1/25/22,60.44444444,42.55555556,1050977.308
1/26/22,55.88888889,40.11111111,1118866.498
1/27/22,60.55555556,40.88888889,1067219.36
1/28/22,59.77777778,37.44444444,1095189.656
1/29/22,65.66666667,33.44444444,1060024.232
1/30/22,71.44444444,39.11111111,978424.4592
1/31/22,67.44444444,49.66666667,967643.5039
2/1/22,71.77777778,51.66666667,940279.7558
2/2/22,62,42.11111111,1058595.723
2/3/22,46,26.88888889,1444194.275
2/4/22,41.88888889,23.55555556,1499524.327
2/5/22,52.88888889,25.33333333,1295385.9
2/6/22,60.22222222,29.77777778,1152985.173
2/7/22,62.22222222,37,1091248.281
2/8/22,67.11111111,34.66666667,1084120.558
2/9/22,71,36.44444444,1028417.818
2/10/22,72.33333333,38.55555556,996287.0005
2/11/22,74.22222222,44.11111111,973024.8059
2/12/22,61.66666667,36.55555556,1024888.62
2/13/22,65,30.55555556,1085046.272
2/14/22,71.11111111,37.11111111,1035334.542
2/15/22,76,44.77777778,981254.6601
2/16/22,76.66666667,58.66666667,938597.0502
2/17/22,73.22222222,40.22222222,1020865.553
2/18/22,59.66666667,34.33333333,1138405.973
2/19/22,67.55555556,37.11111111,1026104.197
2/20/22,73.55555556,46.22222222,946499.197
2/21/22,83.66666667,59.88888889,965457.8219
2/22/22,78.22222222,51.11111111,1003078.71
2/23/22,54.66666667,33.88888889,1277900.951
2/24/22,44.55555556,32.77777778,1391948.787
2/25/22,43.88888889,33.33333333,1377635.668
2/26/22,46.44444444,38.11111111,1272123.242
2/27/22,60.55555556,33.88888889,1125035.494
2/28/22,67.66666667,32.77777778,1095483.302
3/1/22,72.44444444,38.22222222,1006736.024
3/2/22,75.22222222,43.33333333,955829.8457
3/3/22,78.55555556,51.33333333,939906.2206
3/4/22,80.22222222,59.22222222,941085.916
3/5/22,81.88888889,63.55555556,933273.8694
3/6/22,80.77777778,57.44444444,947167.3646
3/7/22,64.22222222,44.88888889,1028337.089
3/8/22,56.55555556,41.11111111,1117636.665
3/9/22,63.88888889,38.33333333,1079995.806
3/10/22,70.66666667,39.77777778,1011712.134
3/11/22,60.88888889,37.22222222,1150399.636
3/12/22,60.11111111,30.44444444,1134080.209
3/13/22,69.77777778,36.11111111,982403.8289
3/14/22,79.44444444,51.33333333,972243.4602
3/15/22,78.55555556,49.33333333,929456.3107
3/16/22,82.11111111,47,950993.522
3/17/22,77.44444444,51.77777778,939914.1197
3/18/22,74,49.11111111,926823.0984
3/19/22,78,44.22222222,910920.5838
3/20/22,80.44444444,49.44444444,895403.3987
3/21/22,78.55555556,59.55555556,964294.4073
3/22/22,69.77777778,49.77777778,971249.0349
3/23/22,71.11111111,44,968897.1643
3/24/22,77.66666667,41.77777778,962971.5441
3/25/22,85.88888889,45.33333333,970480.8696
3/26/22,87.66666667,49.55555556,930935.5052
3/27/22,88,55.88888889,951363.0309
3/28/22,86.44444444,61.22222222,1011345.116
3/29/22,83.88888889,68.44444444,1033242.316
3/30/22,81.77777778,55.66666667,989194.1514
3/31/22,77.66666667,48.66666667,936439.4863
4/1/22,81.55555556,53.11111111,946387.3533
4/2/22,84.55555556,58.11111111,937315.7526
4/3/22,85.55555556,58.33333333,970091.7991
4/4/22,82.88888889,64.44444444,998244.6375
4/5/22,91.88888889,64.88888889,1106861.233
4/6/22,83,59,1013661.3
4/7/22,77.22222222,50.22222222,919625.0754
4/8/22,78.11111111,47.33333333,913118.6836
4/9/22,87.22222222,48.44444444,937970.4751
4/10/22,87.33333333,63.88888889,970325.4325
4/11/22,86.66666667,69.77777778,1087619.812
4/12/22,88.88888889,70.33333333,1111480.157
4/13/22,87.66666667,64.77777778,1099826.859
4/14/22,83.22222222,58.44444444,989718.7126
4/15/22,87.22222222,63.22222222,1014307.069
4/16/22,85.22222222,69.11111111,1038460.636
4/17/22,87.44444444,65.77777778,1001590.222
4/18/22,81.55555556,62.55555556,1006965.351
4/19/22,77.77777778,60.22222222,965750.8522
4/20/22,87.33333333,69.33333333,1083645.683
4/21/22,86.88888889,72.33333333,1137781.142
4/22/22,88.44444444,72.33333333,1135047.651
4/23/22,88.22222222,71.44444444,1070051.521
4/24/22,87.77777778,68.55555556,1057007.178
4/25/22,77.44444444,63.22222222,1010477.622
4/26/22,78,58.88888889,951422.0196
4/27/22,82.22222222,61.77777778,1003934.337
4/28/22,87.55555556,67.88888889,1074576.478
4/29/22,87.33333333,70.88888889,1119856.043
4/30/22,87.77777778,70.11111111,1105633.176
5/1/22,89,69.44444444,1092570.702
5/2/22,89.33333333,72.33333333,1180162.693
5/3/22,86.33333333,69.88888889,1123292.21
5/4/22,89.77777778,72.11111111,1168527.114
5/5/22,87.55555556,67.11111111,1155065.442
5/6/22,93.33333333,65.55555556,1166518.351
5/7/22,95.77777778,73.11111111,1243947.296
5/8/22,95.44444444,75.44444444,1304341.011
5/9/22,94.33333333,77,1376824.357
5/10/22,92.66666667,76.88888889,1350607.621
5/11/22,92.11111111,72,1309531.93
5/12/22,93.33333333,70.55555556,1284567.792
5/13/22,93.22222222,70,1259312.812
5/14/22,94.66666667,70.77777778,1250413.606
5/15/22,96.22222222,70.44444444,1270624.917
5/16/22,96.22222222,71.66666667,1312720.331
5/17/22,96.66666667,72.55555556,1335157.822
5/18/22,96.88888889,73.77777778,1345700.844
5/19/22,96.55555556,74.77777778,1357539.992
5/20/22,96.33333333,76.66666667,1373700.066
5/21/22,93.88888889,72,1308644.421
5/22/22,82.66666667,66.33333333,1045820.22
5/23/22,86.44444444,67.33333333,1100592.517
5/24/22,85.22222222,64.33333333,1085038.507
5/25/22,84.44444444,62,1026838.047
5/26/22,93.44444444,62.44444444,1124223.473
5/27/22,95.44444444,68.22222222,1237062.684
5/28/22,95.88888889,72.33333333,1255139.744
5/29/22,94.88888889,75,1285297.134
5/30/22,94.44444444,77.33333333,1317779.746
6/1/22,95.625,77.375,1396351.649
6/2/22,93.33333333,74.88888889,1350447.688
6/3/22,90,71.66666667,1250606.476
6/4/22,91.22222222,70.11111111,1216054.58
6/5/22,93.44444444,70.77777778,1198224.801
6/6/22,97,73.22222222,1284573.178
6/7/22,98.33333333,76.44444444,1401447.22
6/8/22,97.44444444,77.11111111,1419945.906
6/9/22,95.88888889,77.77777778,1387199.904
6/10/22,97.33333333,76.11111111,1391439.915
6/11/22,99.66666667,76.44444444,1427014.487
6/12/22,101.4444444,77.88888889,1452295.039
6/13/22,100.2222222,78.77777778,1460866.606
6/14/22,98.55555556,78.77777778,1487381.891
6/15/22,96.88888889,79,1456789.713
6/16/22,97.66666667,78.77777778,1448350.592
6/17/22,98.33333333,75.88888889,1464759.333
6/18/22,97.33333333,74.66666667,1444236.309
6/19/22,97.33333333,76.11111111,1396574.624
6/20/22,99.11111111,75.55555556,1408187.735
6/21/22,99.44444444,76.11111111,1474521.811
6/22/22,98,78.22222222,1489057.052
6/23/22,98.11111111,75.77777778,1468748.707
6/24/22,100.3333333,76,1492528.049
6/25/22,99.88888889,76.33333333,1502450.018
6/26/22,99.44444444,76.44444444,1448134.311
6/27/22,100,75.11111111,1428369.386
6/28/22,96.22222222,73.55555556,1386653.344
6/29/22,95,73.88888889,1308718.774
6/30/22,95.33333333,73.22222222,1327862.799
7/1/22,95.77777778,74.33333333,1357763.513
7/2/22,96.22222222,76.33333333,1381110.755
7/3/22,98,78.11111111,1396726.272
7/4/22,98.55555556,77.66666667,1405704.377
7/5/22,98.88888889,78.44444444,1426412.487
7/6/22,99.22222222,78.22222222,1495424.069
7/7/22,100.1111111,78,1503656.79
7/8/22,100.4444444,78.44444444,1512112.645
7/9/22,101.6666667,78.33333333,1530807.64
7/10/22,103.1111111,78.88888889,1509478.708
7/11/22,104.3333333,78.66666667,1501357.15
7/12/22,103.2222222,79.11111111,1552101.362
7/13/22,102.4444444,78.88888889,1537365.535
7/14/22,102,77.88888889,1526267.672
7/15/22,97.55555556,75.44444444,1431920.186
7/16/22,97.88888889,75.11111111,1372097.116
7/17/22,99.11111111,76.11111111,1410365.504
7/18/22,100.5555556,77.66666667,1441713.468
7/19/22,102.4444444,78,1526976.835
7/20/22,102.7777778,79.66666667,1568353.425
7/21/22,102.3333333,80.33333333,1575744.045
7/22/22,100.5555556,79.55555556,1533262.943
7/23/22,99.22222222,78.77777778,1463090.511
7/24/22,99.44444444,78.55555556,1439293.564
7/25/22,100.1111111,78.66666667,1466282.916
7/26/22,100.2222222,78.33333333,1530591.112
7/27/22,99.66666667,77.88888889,1524705.022
7/28/22,99.77777778,78.55555556,1511874.271
7/29/22,100,78.66666667,1501452.454
7/30/22,100,78.55555556,1493889.993
7/31/22,100,78.11111111,1449785.221
8/1/22,99.55555556,78.33333333,1450666.974
8/2/22,99.33333333,77.44444444,1492168.327
8/3/22,101.2222222,78.77777778,1537752.008
8/4/22,102.2222222,79.44444444,1549786.35
8/5/22,100.8888889,79.33333333,1535457.543
8/6/22,99.22222222,78,1478592.201
8/7/22,96.66666667,77.22222222,1388385.849
8/8/22,98.33333333,77.22222222,1413862.511
8/9/22,98.33333333,76.77777778,1484880.352
8/10/22,99.33333333,77.22222222,1455277.653
8/11/22,99.33333333,76.22222222,1419642.62
8/12/22,98,76.22222222,1406591.868
8/13/22,97.55555556,75.55555556,1423465.209
8/14/22,94.44444444,76.88888889,1395093.463
8/15/22,92.88888889,75.44444444,1353123.527
8/16/22,96.77777778,76.77777778,1430838.208
8/17/22,97,77.22222222,1456554.236
8/18/22,99.55555556,75.55555556,1488315.806
8/19/22,95.88888889,74.11111111,1346241.579
8/20/22,92.88888889,74.55555556,1276464.51
8/21/22,94.88888889,76.44444444,1297217.511
8/22/22,93.66666667,76.55555556,1270997.666
8/23/22,89.55555556,75.33333333,1282453.523
8/24/22,91,75.66666667,1255379.342
8/25/22,91,74.88888889,1275703.433
8/26/22,93.22222222,75,1313280.615
8/27/22,94.11111111,75,1340653.783
8/28/22,94.66666667,76.33333333,1342417.88
8/29/22,95.88888889,77.55555556,1377453.054
8/30/22,92.66666667,75.77777778,1368373.999
8/31/22,88.33333333,76.11111111,1260534.217
9/1/22,90.44444444,75,1273289.026
9/2/22,91.44444444,75.33333333,1249492.246
9/3/22,90.22222222,75,1241286.06
9/4/22,89.22222222,73.77777778,1202068.769
9/5/22,88.44444444,71.77777778,1126949.502
9/6/22,90.33333333,70.66666667,1179305.487
9/7/22,91.55555556,72.66666667,1277555.917
9/8/22,94,72.66666667,1291386.668
9/9/22,92.33333333,71.44444444,1273963.712
9/10/22,92.44444444,71.66666667,1260040.011
9/11/22,93.66666667,71.44444444,1229787.488
9/12/22,90.33333333,71,1194167.22
9/13/22,91.33333333,70.33333333,1225188.589
9/14/22,92,70.11111111,1245281.142
9/15/22,91.11111111,69,1230187.346
9/16/22,91.33333333,69.55555556,1226882.334
9/17/22,92.88888889,72.66666667,1295324.708
9/18/22,94.11111111,75,1313946.958
9/19/22,94.22222222,74.44444444,1319331.055
9/20/22,94.33333333,74.11111111,1369869.458
9/21/22,94.88888889,73.55555556,1381785.914
9/22/22,94.66666667,70.77777778,1358658.884
9/23/22,96.44444444,69.88888889,1335626.859
9/24/22,95,70.66666667,1336923.99
9/25/22,94.11111111,72.44444444,1298221.213
9/26/22,95,72,1281502.021
9/27/22,90.44444444,67.66666667,1230172.838
9/28/22,90,60.22222222,1130157.137
9/29/22,89.77777778,62.22222222,1135154.123
9/30/22,88,62.33333333,1105676.087
10/1/22,86.66666667,59.66666667,1066473.083
10/2/22,85.33333333,58.33333333,1013452.275
10/3/22,85.77777778,59,1002292.006
10/4/22,86.11111111,59.55555556,1059402.25
10/5/22,87.22222222,62.11111111,1076830.696
10/6/22,88.33333333,61.11111111,1099106.019
10/7/22,87,63.11111111,1119211.057
10/8/22,87.44444444,64.77777778,1086160.189
10/9/22,85.22222222,64.44444444,1038259.413
10/10/22,85.77777778,62.22222222,1030197.297
10/11/22,86.77777778,63.55555556,1103637.715
10/12/22,88.33333333,66.55555556,1120289.374
10/13/22,92.88888889,69.77777778,1233294.918
10/14/22,89,64.66666667,1139166.597
10/15/22,89.11111111,63.11111111,1107094.939
10/16/22,91.77777778,70.22222222,1174897.639
10/17/22,82.11111111,66.44444444,1114471.715
10/18/22,74.44444444,58.44444444,1000213.967
10/19/22,70.44444444,50.33333333,915437.7872
10/20/22,72.66666667,45.22222222,925755.1903
10/21/22,84,50.55555556,965223.5577
10/22/22,86.77777778,57.22222222,1023448.609
10/23/22,87.55555556,64.33333333,1049779.273
10/24/22,88.44444444,69,1095058.53
10/25/22,80.88888889,61.88888889,1112397.929
10/26/22,76.33333333,50.44444444,947286.4631
10/27/22,77.44444444,50.33333333,948255.2453
10/28/22,78.22222222,54.66666667,964074.8059
10/29/22,72,56.55555556,961969.3854
10/30/22,72.33333333,52.33333333,887595.2287
10/31/22,76.88888889,52.66666667,900370.0597
11/1/22,76.11111111,55.44444444,953014.931
11/2/22,73.88888889,59.11111111,955485.9771
11/3/22,79.33333333,61.44444444,988585.1854
11/4/22,85,68.22222222,1075427.63
11/5/22,81.55555556,57.88888889,1103218.378
11/6/22,76.55555556,53.33333333,931125.4507
11/7/22,85.22222222,60.77777778,1025577.665
11/8/22,82.55555556,67,1095911.42
11/9/22,82.22222222,66.88888889,1093969.585
11/10/22,82.66666667,65.88888889,1092472.783
11/11/22,80.66666667,60.66666667,1056995.477
11/12/22,72.22222222,46.88888889,1019228.635
11/13/22,59.55555556,38.66666667,981791.7727
11/14/22,60.11111111,40.33333333,1008845.517
11/15/22,60.22222222,45.88888889,1064375.393
11/16/22,53.55555556,40.33333333,1096323.801
11/17/22,55,41.55555556,1095777.453
11/18/22,57.77777778,41.33333333,1073156.404
11/19/22,54,42.55555556,1081369.82
11/20/22,49.22222222,39,1155237.154
11/21/22,49,36.55555556,1137646.823
11/22/22,50.55555556,42,1148349.297
11/23/22,57.66666667,44.44444444,1076654.471
11/24/22,65.55555556,51.66666667,1007909.011
11/25/22,66.11111111,55.22222222,927459.8488
11/26/22,60.66666667,51.11111111,934457.2537
11/27/22,66.77777778,45.77777778,944991.9356
11/28/22,71.11111111,45.44444444,955344.0113
11/29/22,75.11111111,48.55555556,1013978.578
11/30/22,76.55555556,53.11111111,1018276.73
12/1/22,59.88888889,43.55555556,1043570.943
12/2/22,59.88888889,42.33333333,1102817.022
12/3/22,72.11111111,53.77777778,1016336.263
12/4/22,68.55555556,55.44444444,975117.7083
12/5/22,67.33333333,55.33333333,966934.2244
12/6/22,79.77777778,59,1013840.021
12/7/22,79.44444444,65.66666667,1013231.751
12/8/22,80,66.22222222,1020256.534
12/9/22,79.66666667,64.77777778,1038092.51
12/10/22,77,63.55555556,1022131.469
12/11/22,76.55555556,61.77777778,983697.0416
12/12/22,70.77777778,59.88888889,954468.5412
12/13/22,73.22222222,60.77777778,1010038.879
12/14/22,74.22222222,56.66666667,1031018
12/15/22,67.66666667,43.55555556,990665.4708
12/16/22,64.66666667,40.11111111,1053483.036
12/17/22,59.22222222,40.11111111,1102980.012
12/18/22,56.55555556,36.33333333,1081559.676
12/19/22,56.77777778,37,1117395.963
12/20/22,57.33333333,45.33333333,1126834.379
12/21/22,55.11111111,41,1111702.911
12/22/22,57.77777778,35.33333333,1171841.517
12/23/22,50.66666667,20.55555556,1384883.451
12/24/22,33.33333333,18,1658092.535
12/25/22,41.77777778,21.88888889,1414387.191
12/26/22,54.33333333,25.77777778,1234557.144
12/27/22,62,31.22222222,1150900.727
12/28/22,62.55555556,33.88888889,1185358.531
12/29/22,74.66666667,43.77777778,1054969.528
12/30/22,75.33333333,54.33333333,931807.4705
12/31/22,70.66666667,48,934366.6331
1/1/23,76.22222222,48.55555556,929300.5578
1/2/23,79.55555556,55.22222222,895664.1333
1/3/23,78.77777778,61.77777778,966402.4426
1/4/23,74.44444444,50.11111111,959603.2719
1/5/23,72.77777778,43.55555556,980460.7005
1/6/23,72.44444444,43.11111111,1009597.914
1/7/23,75.88888889,50.55555556,1009834.128
1/8/23,73.11111111,55.88888889,932368.3646
1/9/23,69.11111111,46.22222222,927825.9549
1/10/23,73.33333333,47,990805.7319
1/11/23,81.22222222,53.44444444,980417.1927
1/12/23,77.33333333,55.77777778,994341.4847
1/13/23,68.44444444,43.77777778,986617.8182
1/14/23,64,36.55555556,1048838.505
1/15/23,68.11111111,37.66666667,1034854.148
1/16/23,75.22222222,48.66666667,958978.7216
1/17/23,77.33333333,54.88888889,959126.0624
1/18/23,78.66666667,55.22222222,977103.6509
1/19/23,73.77777778,51.33333333,982290.1803
1/20/23,65.88888889,47.33333333,978151.0691
1/21/23,63.44444444,45.44444444,1025148.545
1/22/23,63,43.33333333,990289.2949
1/23/23,61,38.44444444,1013478.95
1/24/23,60.88888889,37.88888889,1113385.17
1/25/23,60.22222222,42.55555556,1128082.112
1/26/23,54.77777778,36.55555556,1172516.499
1/27/23,56.66666667,35.44444444,1155725.821
1/28/23,61.22222222,39.88888889,1140418.752
1/29/23,70.11111111,50.66666667,1000401.916
1/30/23,66,43.88888889,1021715.997
1/31/23,46.22222222,34.66666667,1346041.638
2/1/23,38.11111111,32.44444444,1479452.981
2/2/23,39.55555556,33.33333333,1445593.171
2/3/23,47.11111111,34.66666667,1363508.694
2/4/23,58.11111111,34.44444444,1214542.705
2/5/23,66.55555556,37.33333333,1097982.295
2/6/23,75.44444444,44.77777778,975758.2518
2/7/23,75.44444444,56,971768.4404
2/8/23,69.88888889,52.22222222,993433.0664
2/9/23,66.44444444,42.77777778,1064391.844
2/10/23,66.77777778,41,1070210.607
2/11/23,58.77777778,38.66666667,1107967.224
2/12/23,60.11111111,35.11111111,1118072.268
2/13/23,68.11111111,37.33333333,1051578.152
2/14/23,72.11111111,45,1029524.869
2/15/23,78.44444444,53.22222222,980683.5888
2/16/23,76.33333333,50.44444444,1004861.15
2/17/23,63.55555556,40.77777778,1074053.487
2/18/23,55.22222222,33,1188788.93
2/19/23,62.22222222,37,1140637.089
2/20/23,75.44444444,49,994192.4161
2/21/23,82.22222222,58,1003331.153
2/22/23,84.66666667,61.55555556,1036764.996
2/23/23,81.77777778,57.33333333,1051754.718
2/24/23,76.55555556,57.44444444,1038119.501
2/25/23,67,54.44444444,1069666.214
2/26/23,69.88888889,55.66666667,1050292.632
2/27/23,83.11111111,58.22222222,1009302.479
2/28/23,82.33333333,55.88888889,1028445.523
3/1/23,85.55555556,59.33333333,1047413.124
3/2/23,83,63.22222222,1059997.126
3/3/23,80.88888889,57.44444444,1049006.655
3/4/23,75,49,960980.6692
3/5/23,78.22222222,46.77777778,948693.1219
3/6/23,80.55555556,54.55555556,952924.4402
3/7/23,83.11111111,61,1039652.718
3/8/23,82.66666667,63.55555556,1053170.706
3/9/23,77.77777778,61.55555556,1054549.72
3/10/23,80,60.66666667,1057270.564
3/11/23,79,59.66666667,1030318.95
3/12/23,87.88888889,62.11111111,1053355.522
3/13/23,78.33333333,57,948665.7309
3/14/23,68.33333333,51.55555556,969249.3166
3/15/23,67.44444444,51.11111111,984622.4768
3/16/23,76,52.77777778,993733.3067
3/17/23,75.55555556,53.11111111,1017795.935
3/18/23,60.22222222,43.66666667,1026782.861
3/19/23,56.11111111,42.11111111,1028797.573
3/20/23,57.66666667,39,1039645.943
3/21/23,64.77777778,44.33333333,1119191.721
3/22/23,76.44444444,57.77777778,1037058.679
3/23/23,83.77777778,66.77777778,1054992.477
3/24/23,85.55555556,66.55555556,1100166.067
3/25/23,81.22222222,60,1079539.48
3/26/23,82.33333333,54.33333333,989761.3349
3/27/23,81,55.33333333,973074.1681
3/28/23,76.55555556,56.88888889,1024629.903
3/29/23,70,55.88888889,1002253.684
3/30/23,71.22222222,55.33333333,975228.6335
3/31/23,80,62.22222222,1024649.921
4/1/23,85.22222222,60.44444444,1102995.808
4/2/23,84.22222222,58.55555556,1013538.426
4/3/23,85.33333333,62.55555556,1034616.285
4/4/23,88.77777778,69.11111111,1190030.382
4/5/23,83.55555556,68,1180431.909
4/6/23,74,54.77777778,1050620.693
4/7/23,62.44444444,52.22222222,983479.3107
4/8/23,64.66666667,52.66666667,969616.7151
4/9/23,70.33333333,54.55555556,927085.0294
4/10/23,75.22222222,57.33333333,922007.0694
4/11/23,75.55555556,57.33333333,979557.4174
4/12/23,78.11111111,54,1008091.772
4/13/23,80,53.55555556,1017339.71
4/14/23,80.77777778,56.77777778,1033387.161
4/15/23,83.55555556,62.33333333,1056057.329
4/16/23,85.55555556,62.55555556,1101588.063
4/17/23,77.33333333,52.66666667,945500.0411
4/18/23,79.88888889,54.22222222,1001630.862
4/19/23,80.88888889,64.11111111,1037396.827
4/20/23,85,67.88888889,1117974.43
4/21/23,84.44444444,66.44444444,1121970.4
4/22/23,81.44444444,59.88888889,1042540.213
4/23/23,77,56.22222222,981671.793
4/24/23,65.88888889,53.11111111,920818.8365
4/25/23,73.44444444,54.33333333,960363.5519
4/26/23,79.66666667,62.55555556,1004659.99
4/27/23,80.66666667,64,1069714.215
4/28/23,81.11111111,59.22222222,1030598.24
4/29/23,79.33333333,56.22222222,1041766.947
4/30/23,78.66666667,52.44444444,929216.1151
5/1/23,87.66666667,55.11111111,992327.0044
5/2/23,81.77777778,60.22222222,1052518.562
5/3/23,82.55555556,62.88888889,1082506.404
5/4/23,84.66666667,65.88888889,1111241.773
5/5/23,86.22222222,67.77777778,1129452.425
5/6/23,90.77777778,70.55555556,1292670.821
5/7/23,88.55555556,68.77777778,1222729.792
5/8/23,86.77777778,70.77777778,1142071.993
5/9/23,87.44444444,69.55555556,1235768.403
5/10/23,84.88888889,68.33333333,1154564.124
5/11/23,83.44444444,68.77777778,1118415.975
5/12/23,88.33333333,72.33333333,1236607.104
5/13/23,86,72,1288444.338
5/14/23,81.33333333,66.44444444,1106978.945
5/15/23,81.88888889,66.66666667,1073012.873
5/16/23,85.22222222,66.77777778,1172710.78
5/17/23,85.66666667,66.77777778,1139132.415
5/18/23,87.77777778,65,1168144.336
5/19/23,89.33333333,67.44444444,1223367.17
5/20/23,87.77777778,69.88888889,1273736.806
5/21/23,82.33333333,68,1125191.756
5/22/23,81.88888889,66.11111111,1040544.585
5/23/23,87.22222222,67,1168690.238
5/24/23,89.77777778,68.44444444,1228831.458
5/25/23,86.66666667,69,1217666.1
5/26/23,86.77777778,68.22222222,1214657.982
5/27/23,88.33333333,68.22222222,1217089.306
5/28/23,85.88888889,68.44444444,1170040.478
5/29/23,86.88888889,68.44444444,1144051.172
5/30/23,88.66666667,68.88888889,1181299.685
5/31/23,89.55555556,68.11111111,1237345.037
6/1/23,88.77777778,69.11111111,1279059.922
6/2/23,89.77777778,71.22222222,1290970.902
6/3/23,89.55555556,69.22222222,1307981.558
6/4/23,89.44444444,68.11111111,1246416.489
6/5/23,87.22222222,66.66666667,1152505.2
6/6/23,87.88888889,67.77777778,1195208.093
6/7/23,89.11111111,68,1217700.645
6/8/23,91.66666667,68.44444444,1272525.596
6/9/23,93.44444444,68.77777778,1275390.669
6/10/23,95.77777778,70.77777778,1364604.094
6/11/23,95.77777778,72.11111111,1375923.628
6/12/23,96.33333333,73.22222222,1369202.785
6/13/23,94.88888889,74.77777778,1391483.061
6/14/23,93,76.22222222,1360137.273
6/15/23,95.88888889,77.55555556,1418725.773
6/16/23,98,78,1498171.128
6/17/23,98.44444444,77.22222222,1480707.569
6/18/23,98.11111111,77.66666667,1451068.976
6/19/23,100.3333333,78.55555556,1455170.612
6/20/23,101,78.33333333,1550744.559
6/21/23,101.2222222,80,1584678.723
6/22/23,99.11111111,76.44444444,1537902.984
6/23/23,97.22222222,77.11111111,1434729.021
6/24/23,98.44444444,77.88888889,1478461.685
6/25/23,99.77777778,78.44444444,1493367.205
6/26/23,100.6666667,79.55555556,1538220.643
6/27/23,101.1111111,79.11111111,1592890.968
6/28/23,100.5555556,78,1605739.301
6/29/23,98.88888889,77.77777778,1588328.327
6/30/23,98,78.44444444,1586014.19
7/1/23,97.33333333,78.22222222,1546339.723
7/2/23,95.88888889,76.77777778,1421989.17
7/3/23,95.11111111,76.11111111,1367367.119
7/4/23,97.33333333,77.55555556,1462691.526
7/5/23,96.33333333,77.22222222,1421268.192
7/6/23,95.77777778,78.44444444,1506768.558
7/7/23,92.77777778,76,1417147.331
7/8/23,95.77777778,75.44444444,1408007.419
7/9/23,98.33333333,77.77777778,1447172.466
7/10/23,99.22222222,79.22222222,1452135.144
7/11/23,100.5555556,78.66666667,1547112.673
7/12/23,100.5555556,80.66666667,1560579.604
7/13/23,102.8888889,80.66666667,1615823.377
7/14/23,102.5555556,80.55555556,1627046.112
7/15/23,101.5555556,80.22222222,1612033.02
7/16/23,101.8888889,79.55555556,1555839.912
7/17/23,99.66666667,77.55555556,1471829.999
7/18/23,102.7777778,77.11111111,1580160.136
7/19/23,103.2222222,79.77777778,1633857.472
7/20/23,102.3333333,78.88888889,1636391.44
7/21/23,101,78.66666667,1614835.22
7/22/23,100.6666667,77.44444444,1578862.939
7/23/23,99.66666667,76.88888889,1509705.788
7/24/23,100.1111111,75.44444444,1458431.23
7/25/23,100.2222222,75.44444444,1545155.835
7/26/23,100.1111111,78,1580410.049
7/27/23,99.66666667,78,1579129.558
7/28/23,99.11111111,77.44444444,1569496.111
7/29/23,98.55555556,76.44444444,1551328.009
7/30/23,99.11111111,76.88888889,1519326.119
7/31/23,100.6666667,77.55555556,1538569.03
8/1/23,102.3333333,77.88888889,1631831.082
8/2/23,102.4444444,79.44444444,
8/3/23,102.4444444,78.66666667,
8/4/23,102.1111111,79.88888889,
8/5/23,102.7777778,80,
8/6/23,103.5555556,80.22222222,
8/7/23,103.4444444,80.33333333,
8/8/23,103.5555556,80.77777778,
8/9/23,103,80,
8/10/23,104.4444444,81,
8/11/23,104.4444444,81.33333333,
8/12/23,103.8888889,81.33333333,
8/13/23,103.4444444,81.66666667,
8/14/23,103,80.77777778,
8/15/23,102.2222222,79.33333333,
8/16/23,100.6666667,78.22222222,
8/17/23,101.5555556,74.44444444,
8/18/23,104.7777778,75.66666667,
8/19/23,103.7777778,79.22222222,
8/20/23,102.5555556,77.66666667,
8/21/23,104.5555556,78.55555556,
8/22/23,98.55555556,78,
8/23/23,96.77777778,78.77777778,
,99,78.85714286,